id	doi	title	author	journaltitle	volume	issue	pubdate	pagerange	publisher	type	reviewed-work	abstract
10.2307/27694397	10.2307/27694397		John E. Stealey III	The Journal of American History	95	3	2008-12-01T00:00:00Z	pp. 817-818	Organization of American Historians	brv	Irons in the Fire: The Business History of the Tayloe Family and Virginia's Gentry, 1700-1860|Laura Croghan Kamoie		
10.2307/2568297	10.2307/2568297		Ruth H. Bloch	The Journal of American History	85	4	1999-03-01T00:00:00Z	pp. 1575-1576	Organization of American Historians	brv	The Lord Cornbury Scandal: The Politics of Reputation in British America|Patricia U. Bonomi		
10.2307/1888299	10.2307/1888299		Langdon G. Wright	The Journal of American History	64	1	1977-06-01T00:00:00Z	p. 132	Organization of American Historians	brv	The Revolutionary War Memoir and Selected Correspondence of Philip Van Cortlandt.|Jacob Judd		
10.2307/1900454	10.2307/1900454		John K. Alexander	The Journal of American History	67	1	1980-06-01T00:00:00Z	pp. 120-122	Organization of American Historians	brv	Conestoga Crossroads: Lancaster, Pennsylvania, 1730-1790|Jerome H. Wood, Jr.		
10.2307/1901218	10.2307/1901218		William B. Skelton	The Journal of American History	69	4	1983-03-01T00:00:00Z	pp. 966-967	Organization of American Historians	brv	Citizens in Arms: The Army and the Militia in American Society to the War of 1812|Lawrence Delbert Cress		
10.2307/1893737	10.2307/1893737		Stuart Bruchey	The Journal of American History	58	3	1971-12-01T00:00:00Z	pp. 720-721	Organization of American Historians	brv	Henry Wansey and His American Journal: 1794|David John Jeremy		
10.2307/1887487	10.2307/1887487		Joseph Conforti	The Journal of American History	71	3	1984-12-01T00:00:00Z	pp. 607-608	Organization of American Historians	brv	The Benevolent Deity: Ebenezer Gay and the Rise of Rational Religion in New England, 1696-1787|Robert J. Wilson III		
10.2307/2674763	10.2307/2674763		Steven M. Nolt	The Journal of American History	87	4	2001-03-01T00:00:00Z	p. 1471	Organization of American Historians	brv	Serving Two Masters: Moravian Brethren in Germany and North Carolina, 1727-1801|Elisabeth W. Sommer		
10.2307/1890191	10.2307/1890191	The Decline of the Massachusetts Franchise: 1647-1666	Robert Emmet Wall Jr.	The Journal of American History	59	2	1972-09-01T00:00:00Z	pp. 303-310	Organization of American Historians	fla			
10.2307/1900460	10.2307/1900460		Douglas M. Arnold	The Journal of American History	67	1	1980-06-01T00:00:00Z	pp. 128-129	Organization of American Historians	brv	Duty, Honor or Country: General George Weedon and the American Revolution|Harry M. Ward		
10.2307/3659815	10.2307/3659815		Philip Ranlet	The Journal of American History	90	1	2003-06-01T00:00:00Z	p. 210	Organization of American Historians	brv	The Penobscot Expedition: Commodore Saltonstall and the Massachusetts Conspiracy of 1779|George E. Buker		
10.2307/1899558	10.2307/1899558	Pershing and the Armistice	Bullitt Lowry	The Journal of American History	55	2	1968-09-01T00:00:00Z	pp. 281-291	Organization of American Historians	fla			
10.2307/2568326	10.2307/2568326		Tom W. Dillard	The Journal of American History	85	4	1999-03-01T00:00:00Z	pp. 1601-1602	Organization of American Historians	brv	Arkansas and the New South, 1874-1929|Carl H. Moneyhon		
10.2307/25095333	10.2307/25095333		Warren R. Hofstra	The Journal of American History	94	4	2008-03-01T00:00:00Z	p. 1229	Organization of American Historians	brv	The Jamestown Project|Karen Ordahl Kupperman		
10.2307/2936227	10.2307/2936227		William Chazanof	The Journal of American History	62	3	1975-12-01T00:00:00Z	pp. 664-665	Organization of American Historians	brv	The Early History of Kingston & Ulster County, N. Y.|Marc B. Fried		
10.2307/4486105	10.2307/4486105		Reginald C. Stuart	The Journal of American History	93	1	2006-06-01T00:00:00Z	pp. 203-204	Organization of American Historians	brv	Napoleon's Troublesome Americans: Franco-American Relations, 1804-1815|Peter P. Hill		
10.2307/1901446	10.2307/1901446		William H. Nelson	The Journal of American History	65	3	1978-12-01T00:00:00Z	pp. 757-758	Organization of American Historians	brv	The Loyalists of Revolutionary Delaware|Harold B. Hancock		
10.2307/2952921	10.2307/2952921		Jane Turner Censer	The Journal of American History	83	4	1997-03-01T00:00:00Z	pp. 1373-1374	Organization of American Historians	brv	Life in Black and White: Family and Community in the Slave South.|Brenda E. Stevenson		
10.2307/25095641	10.2307/25095641		Aaron Spencer Fogleman	The Journal of American History	95	2	2008-09-01T00:00:00Z	pp. 501-502	Organization of American Historians	brv	Pious Pursuits: German Moravians in the Atlantic World|Michele Gillespie;Robert Beachy		
10.2307/2945325	10.2307/2945325		Cecile Carter	The Journal of American History	82	4	1996-03-01T00:00:00Z	p. 1548	Organization of American Historians	brv	The Caddo Indians: Tribes at the Convergence of Empires, 1542-1854.|F. Todd Smith		
10.2307/1888166	10.2307/1888166		Franklin B. Wickwire	The Journal of American History	65	1	1978-06-01T00:00:00Z	pp. 135-136	Organization of American Historians	brv	William Knox: The Life and Thought of an Eighteenth-Century Imperialist|Leland J. Bellot		
10.2307/1890854	10.2307/1890854		Sumner C. Powell	The Journal of American History	52	3	1965-12-01T00:00:00Z	pp. 611-612	Organization of American Historians	brv	Winthrop's Boston: Portrait of a Puritan Town, 1630-1649|Darrett B. Rutman		
10.2307/2700632	10.2307/2700632		Charles G. Steffen	The Journal of American History	88	4	2002-03-01T00:00:00Z	pp. 1508-1509	Organization of American Historians	brv	Sweet Land of Liberty: The Ordeal of the American Revolution in Northampton County, Pennsylvania|Francis S. Fox		
10.2307/40661846	10.2307/40661846		Elisabeth W. Sommer	The Journal of American History	96	4	2010-03-01T00:00:00Z	pp. 1154-1155	Organization of American Historians	brv	<italic>Religion and Profit: Moravians in Early America</italic>|Katherine Carté Engel		
10.2307/25095647	10.2307/25095647		David Wagner	The Journal of American History	95	2	2008-09-01T00:00:00Z	p. 507	Organization of American Historians	brv	Bonds of Affection: Civic Charity and the Making of America-Winthrop, Jefferson, and Lincoln|Matthew S. Holland		
10.2307/4485927	10.2307/4485927		Fredereck A. Bode	The Journal of American History	92	4	2006-03-01T00:00:00Z	pp. 1428-1429	Organization of American Historians	brv	Hope's Promise: Religion and Acculturation in the Southern Backcountry|S. Scott Rohrer		
10.2307/1900230	10.2307/1900230		Robert M. Calhoon	The Journal of American History	70	2	1983-09-01T00:00:00Z	pp. 403-404	Organization of American Historians	brv	America's Burke: The Mind of Thomas Hutchinson|William Pencak		
10.2307/3660020	10.2307/3660020		Ellen Eslinger	The Journal of American History	92	3	2005-12-01T00:00:00Z	pp. 980-981	Organization of American Historians	brv	A Stranger and a Sojourner: Peter Caulder, Free Black Frontiersman in Antebellum Arkansas|Billy D. Higgins, Communities of Kinship: Antebellum Families and the Settlement of the Cotton Frontier|Carolyn Earle Billingsley		
10.2307/41510167	10.2307/41510167		Robert Tracy McKenzie	The Journal of American History	98	3	2011-12-01T00:00:00Z	p. 834	Organization of American Historians	brv	Shifting Loyalties: The Union Occupation of Eastern North Carolina|Judkin Browning		
10.2307/1908665	10.2307/1908665		Ian K. Steele	The Journal of American History	75	4	1989-03-01T00:00:00Z	pp. 1302-1303	Organization of American Historians	brv	Bound for America: The Transportation of British Convicts to the Colonies, 1718-1775|A. Roger Ekirch		
10.2307/25095339	10.2307/25095339		Steve Longenecker	The Journal of American History	94	4	2008-03-01T00:00:00Z	pp. 1233-1234	Organization of American Historians	brv	Jesus Is Female: Moravians and the Challenge of Radical Religion in Early America|Aaron Spencer Fogleman		
10.2307/2945004	10.2307/2945004		Carl J. Guarneri	The Journal of American History	83	2	1996-09-01T00:00:00Z	pp. 627-628	Organization of American Historians	brv	Sailors of the South: History of the Confederate Navy in the American Civil War, 1861-1865.|Raimondo Luraghi		
10.2307/1894099	10.2307/1894099		Paul R. Lucas	The Journal of American History	65	2	1978-09-01T00:00:00Z	pp. 426-427	Organization of American Historians	brv	Richard Mather of Dorchester|B. R. Burg		
10.2307/2080628	10.2307/2080628		Edwin B. Bronner	The Journal of American History	80	4	1994-03-01T00:00:00Z	p. 1441	Organization of American Historians	brv	Thomas Holme, 1624-1695: Surveyor General of Pennsylvania.|Irma Corcoran		
10.2307/1890310	10.2307/1890310		Lawrence H. Larsen	The Journal of American History	66	3	1979-12-01T00:00:00Z	p. 626	Organization of American Historians	brv	K. C.: A History of Kansas City, Missouri|A. Theodore Brown;Lyle W. Dorsett		
10.2307/1900231	10.2307/1900231		Robert K. Wright, Jr.	The Journal of American History	70	2	1983-09-01T00:00:00Z	pp. 404-405	Organization of American Historians	brv	Tench Tilghman: The Life and Times of Washington's Aide-de-Camp|L. G. Shreve		
10.2307/2936796	10.2307/2936796		James M. Banner, Jr.	The Journal of American History	60	2	1973-09-01T00:00:00Z	pp. 431-432	Organization of American Historians	brv	Securing the Revolution: Ideology in American Politics, 1789-1815|Richard Buel, Jr.		
10.2307/1888011	10.2307/1888011	The Massachusetts State Texas Committee: A Last Stand Against the Annexation of Texas	Kinley J. Brauer	The Journal of American History	51	2	1964-09-01T00:00:00Z	pp. 214-231	Organization of American Historians	fla			
10.2307/1918372	10.2307/1918372	Sir Edward Grey's Memorandum		The Journal of American History	59	4	1973-03-01T00:00:00Z	pp. 966-967	Organization of American Historians	fla			
10.2307/2079288	10.2307/2079288		Rhonda F. Levine	The Journal of American History	77	2	1990-09-01T00:00:00Z	pp. 704-705	Organization of American Historians	brv	Red November, Black November: Culture and Community in the Industrial Workers of the World.|Salvatore Salerno		
10.2307/2080243	10.2307/2080243		Charles B. Hosmer, Jr.	The Journal of American History	79	4	1993-03-01T00:00:00Z	pp. 1587-1588	Organization of American Historians	brv	The Governor's Palace in Williamsburg: A Cultural Study.|Graham Hood		
10.2307/3660548	10.2307/3660548		Thomas E. Buckley	The Journal of American History	92	1	2005-06-01T00:00:00Z	pp. 191-192	Organization of American Historians	brv	The Rise of Evangelicalism: The Age of Edwards, Whitefield, and the Wesleys|Mark A. Noll		
10.2307/2953116	10.2307/2953116		Bruce E. Johansen	The Journal of American History	84	3	1997-12-01T00:00:00Z	pp. 1040-1041	Organization of American Historians	brv	John Stuart and the Struggle for Empire on the Southern Frontier.|J. Russell Snapp		
10.2307/1893953	10.2307/1893953		John E. Baur	The Journal of American History	53	1	1966-06-01T00:00:00Z	pp. 133-134	Organization of American Historians	brv	William Wolfskill, 1798-1866: Frontier Trapper to California Ranchero|Iris Higbie Wilson		
10.2307/1887582	10.2307/1887582		Richard B. Morris	The Journal of American History	53	3	1966-12-01T00:00:00Z	pp. 585-587	Organization of American Historians	brv	The Rise of the Legal Profession in America|Anton Hermann Chroust		
10.2307/1901995	10.2307/1901995		James Tice Moore	The Journal of American History	68	3	1981-12-01T00:00:00Z	pp. 685-686	Organization of American Historians	brv	The Presidencies of James A. Garfield and Chester A. Arthur|Justus D. Doenecke		
10.2307/40959963	10.2307/40959963		Reiner Smolinski	The Journal of American History	97	3	2010-12-01T00:00:00Z	pp. 778-779	Organization of American Historians	brv	Prospero's America: John Winthrop Jr., Alchemy, and the Creation of New England Culture, 1606-1676|Walter W. Woodward		
10.2307/40662839	10.2307/40662839		Matthew C. Ward	The Journal of American History	97	1	2010-06-01T00:00:00Z	pp. 155-156	Organization of American Historians	brv	<italic>Peaceable Kingdom Lost: The Paxton Boys and the Destruction of William Penns Holy Experiment</italic>|Kevin Kenny		
10.2307/2078494	10.2307/2078494		Harry M. Ward	The Journal of American History	79	1	1992-06-01T00:00:00Z	pp. 237-238	Organization of American Historians	brv	Virginia's Viceroy. Their Majesties' Governor General: Francis Howard, Baron Howard of Effingham.|Warren M. Billings		
10.2307/2675328	10.2307/2675328		Aaron S. Fogleman	The Journal of American History	87	3	2000-12-01T00:00:00Z	pp. 1032-1033	Organization of American Historians	brv	A Separate Canaan: The Making of an Afro-Moravian World in North Carolina, 1763-1840|Jon F. Sensbach		
10.2307/1887926	10.2307/1887926		Thomas D. Hamm	The Journal of American History	75	2	1988-09-01T00:00:00Z	pp. 621-622	Organization of American Historians	brv	A Shield and Hiding Place: The Religious Life of the Civil War Armies|Gardiner H. Shattuck, Jr.		
10.2307/2078766	10.2307/2078766		Paul S. George	The Journal of American History	77	1	1990-06-01T00:00:00Z	pp. 356-357	Organization of American Historians	brv	Melbourne Village: The First Twenty-Five Years (1946-1971).|Richard C. Crepeau		
10.2307/25094856	10.2307/25094856		Anne Sarah Rubin	The Journal of American History	94	1	2007-06-01T00:00:00Z	pp. 284-285	Organization of American Historians	brv	Vicksburg's Long Shadow: The Civil War Legacy of Race and Remembrance|Christopher Waldrep		
10.2307/2568254	10.2307/2568254	French Translations and Reception of the Declaration of Independence	Elise Marienstras, Naomi Wulf	The Journal of American History	85	4	1999-03-01T00:00:00Z	pp. 1299-1324	Organization of American Historians	fla			
10.2307/1900336	10.2307/1900336		Samuel Hugh Brockunier	The Journal of American History	54	1	1967-06-01T00:00:00Z	pp. 106-107	Organization of American Historians	brv	The Younger John Winthrop|Robert C. Black III		
10.2307/1894267	10.2307/1894267		Robert R. Rea	The Journal of American History	55	1	1968-06-01T00:00:00Z	pp. 118-119	Organization of American Historians	brv	The American Revolution and the British Press, 1775-1783|Solomon Lutnick		
10.2307/25094814	10.2307/25094814		James Homer Williams	The Journal of American History	94	1	2007-06-01T00:00:00Z	pp. 249-250	Organization of American Historians	brv	The Shame and the Sorrow: Dutch-Amerindian Encounters in New Netherland|Donna Merwick		
10.2307/3661066	10.2307/3661066		Timothy D. Hall	The Journal of American History	90	3	2003-12-01T00:00:00Z	pp. 1148-1149	Organization of American Historians	brv	Bethlehem Digital History Project		
10.2307/1888423	10.2307/1888423		Robert Hartje	The Journal of American History	59	1	1972-06-01T00:00:00Z	pp. 149-151	Organization of American Historians	brv	Yankee Cavalrymen: Through the Civil War with the Ninth Pennsylvania Cavalry|John W. Rowell		
10.2307/2675340	10.2307/2675340		Ralph A. Wooster	The Journal of American History	87	3	2000-12-01T00:00:00Z	pp. 1042-1043	Organization of American Historians	brv	Horse Sweat and Powder Smoke: The First Texas Cavalry in the Civil War|Stanley S. McGowen		
10.2307/1889990	10.2307/1889990		Charles Royster	The Journal of American History	68	2	1981-09-01T00:00:00Z	pp. 364-365	Organization of American Historians	brv	Dear Liberty: Connecticut's Mobilization for the Revolutionary War|Richard Buel, Jr.		
10.2307/2675334	10.2307/2675334		Anya Jabour	The Journal of American History	87	3	2000-12-01T00:00:00Z	pp. 1037-1038	Organization of American Historians	brv	A Family of Women: The Carolina Petigrus in Peace and War|Jane H. Pease;William H. Pease		
10.2307/1890318	10.2307/1890318		Carol Lynn H. Knight	The Journal of American History	66	3	1979-12-01T00:00:00Z	pp. 633-634	Organization of American Historians	brv	The Uncontrolled Chancellor: Charles Townshend and His American Policy|Cornelius P. Forster		
10.2307/1894109	10.2307/1894109		Gary D. Olson	The Journal of American History	65	2	1978-09-01T00:00:00Z	p. 437	Organization of American Historians	brv	E. B.: The Story of Elias Boudinot IV, his Family, his Friends, and his Country|Barbara Louise Clark		
10.2307/1917982	10.2307/1917982		Brooke Hindle	The Journal of American History	57	3	1970-12-01T00:00:00Z	pp. 674-675	Organization of American Historians	brv	The Papers of Benjamin Franklin|Leonard W. Labaree;Helen C. Boatfield;James H. Hutson		
10.2307/3660550	10.2307/3660550		Beverly Smaby	The Journal of American History	92	1	2005-06-01T00:00:00Z	p. 193	Organization of American Historians	brv	Community of the Cross: Moravian Piety in Colonial Bethlehem|Craig D. Atwood		
10.2307/1918380	10.2307/1918380		Emory G. Evans	The Journal of American History	59	4	1973-03-01T00:00:00Z	pp. 979-980	Organization of American Historians	brv	The Journal of John Fontaine: An Irish Huguenot Son in Spain and Virginia, 1710-1719|Edward Porter Alexander		
10.2307/1917618	10.2307/1917618		Jack Sosin	The Journal of American History	58	2	1971-09-01T00:00:00Z	pp. 441-442	Organization of American Historians	brv	Joseph Ellicott and the Holland Land Company: The Opening of Western New York|William Chazanof		
10.2307/1887289	10.2307/1887289		Albert Castel	The Journal of American History	64	3	1977-12-01T00:00:00Z	pp. 800-801	Organization of American Historians	brv	Confederate Arkansas: The People and Policies of a Frontier State in Wartime|Michael B. Dougan		
10.2307/1890684	10.2307/1890684		Frederick D. Williams	The Journal of American History	61	4	1975-03-01T00:00:00Z	pp. 1113-1114	Organization of American Historians	brv	Through One Man's Eyes: The Civil War Experiences of a Belmont County Volunteer: Letters of James G. Theaker|Paul E. Rieger		
10.2307/2936348	10.2307/2936348		William G. McLoughlin	The Journal of American History	60	1	1973-06-01T00:00:00Z	pp. 118-120	Organization of American Historians	brv	The Great Revival, 1787-1805: The Origins of the Southern Evangelical Mind|John B. Boles		
10.2307/3092390	10.2307/3092390		James A. Ramage	The Journal of American History	89	3	2002-12-01T00:00:00Z	pp. 1047-1048	Organization of American Historians	brv	Grant's Lieutenants: From Cairo to Vicksburg|Steven E. Woodworth		
10.2307/2945334	10.2307/2945334		Elizabeth A. Perkins	The Journal of American History	82	4	1996-03-01T00:00:00Z	pp. 1555-1556	Organization of American Historians	brv	Artisans in the North Carolina Backcountry.|Johanna Miller Lewis		
10.2307/27694392	10.2307/27694392		Bertrand Van Ruymbeke	The Journal of American History	95	3	2008-12-01T00:00:00Z	pp. 812-813	Organization of American Historians	brv	A Huguenot on the Hackensack: David Demarest and His Legacy|David C. Major;John S. Major		
10.2307/2952763	10.2307/2952763		Elizabeth A. Kessel	The Journal of American History	84	1	1997-06-01T00:00:00Z	pp. 206-207	Organization of American Historians	brv	Hopeful Journeys: German Immigration, Settlement, and Political Culture in Colonial America, 1717-1775.|Aaron Spencer Fogleman		
10.2307/1901128	10.2307/1901128		Rollin G. Osterweis	The Journal of American History	52	1	1965-06-01T00:00:00Z	pp. 102-104	Organization of American Historians	brv	City on a Hill: A History of Ideas and Myths in America|Loren Baritz		
10.2307/1890103	10.2307/1890103		Thomas P. Govan	The Journal of American History	58	1	1971-06-01T00:00:00Z	pp. 143-144	Organization of American Historians	brv	Alexander Hamilton and the Idea of Republican Government|Gerald Stourzh		
10.2307/2953112	10.2307/2953112		Elizabeth A. Kessel	The Journal of American History	84	3	1997-12-01T00:00:00Z	pp. 1036-1037	Organization of American Historians	brv	The Moravian Indian mission during the American Revolution: The Journal of David Zeisberger, 1772 to 1781.|Hermann Wellenreuther;Carola Wessel		
10.2307/1901440	10.2307/1901440		David Curtis Skaggs	The Journal of American History	65	3	1978-12-01T00:00:00Z	pp. 750-751	Organization of American Historians	brv	Poverty in a Land of Plenty: Tenancy in Eighteenth-Century Maryland|Gregory A. Stiverson		
10.2307/1887495	10.2307/1887495		Linda K. Kerber	The Journal of American History	71	3	1984-12-01T00:00:00Z	pp. 617-618	Organization of American Historians	brv	The Way of Duty: A Woman and Her Family in Revolutionary America|Joy Day Buel;Richard Buel, Jr.		
10.2307/1900691	10.2307/1900691		Gloria Ricci Lothrop	The Journal of American History	59	3	1972-12-01T00:00:00Z	pp. 703-704	Organization of American Historians	brv	Francisco Garcia Diego: California's Transition Bishop|Francis J. Weber		
10.2307/25094974	10.2307/25094974		L. Scott Philyaw	The Journal of American History	94	2	2007-09-01T00:00:00Z	p. 538	Organization of American Historians	brv	The Backcountry Towns of Colonial Virginia|Christopher E. Hendricks		
10.2307/1908918	10.2307/1908918		Michael J. Birkner	The Journal of American History	72	4	1986-03-01T00:00:00Z	pp. 948-949	Organization of American Historians	brv	Politics and Statesmanship: Essays on the American Whig Party|Thomas Brown		
10.2307/1887378	10.2307/1887378		William Stinchcombe	The Journal of American History	63	3	1976-12-01T00:00:00Z	pp. 699-700	Organization of American Historians	brv	The French Navy and American Independence: A Study of Arms and Diplomacy, 1774-1787|Jonathan R. Dull		
10.2307/1899717	10.2307/1899717		Calvin Enders	The Journal of American History	63	2	1976-09-01T00:00:00Z	pp. 445-446	Organization of American Historians	brv	The Lusitania Disaster: An Episode in Modern Warfare and Diplomacy|Thomas A. Bailey;Paul B. Ryan		
10.2307/1893938	10.2307/1893938		Marshall Smelser	The Journal of American History	53	1	1966-06-01T00:00:00Z	pp. 114-115	Organization of American Historians	brv	The Peacemakers: The Great Powers and American Independence|Richard B. Morris		
10.2307/2078389	10.2307/2078389		Joseph M. Hawes	The Journal of American History	77	4	1991-03-01T00:00:00Z	pp. 1421-1422	Organization of American Historians	brv	At Liberty: The Story of a Community and a Generation. The Bethlehem, Pennsylvania, High School Class of 1952.|Joseph E. Illick		
10.2307/1903395	10.2307/1903395		Gerald J. Goodwin	The Journal of American History	72	2	1985-09-01T00:00:00Z	pp. 391-392	Organization of American Historians	brv	Colonial Anglicanism in North America|John Frederick Woolverton		
10.2307/1918020	10.2307/1918020		David M. Pletcher	The Journal of American History	57	3	1970-12-01T00:00:00Z	pp. 718-720	Organization of American Historians	brv	The United States and France: Civil War Diplomacy|Lynn M. Case;Warren F. Spencer		
10.2307/1904222	10.2307/1904222		Michael Kammen	The Journal of American History	56	3	1969-12-01T00:00:00Z	pp. 650-651	Organization of American Historians	brv	The Lee Max Friedman Collection of American Jewish Colonial Correspondence: Letters of the Franks Family (1733-1748)|Leo Hershkowitz;Isidore S. Meyer		
10.2307/3092395	10.2307/3092395		Benjamin Franklin Cooling	The Journal of American History	89	3	2002-12-01T00:00:00Z	pp. 1052-1053	Organization of American Historians	brv	Perryville: This Grand Havoc of Battle|Kenneth W. Noe		
10.2307/1903845	10.2307/1903845		Alden T. Vaughan	The Journal of American History	62	4	1976-03-01T00:00:00Z	pp. 947-948	Organization of American Historians	brv	The Saltonstall Papers, 1607-1815: Selected and Edited with Biographies of Ten Members of the Saltonstall Family in Six Generations. Vol. II: 1791-1815|Robert E. Moody		
10.2307/2936258	10.2307/2936258		Brian Jenkins	The Journal of American History	62	3	1975-12-01T00:00:00Z	p. 702	Organization of American Historians	brv	The Life of John Lothrop Motley|J. Guberman		
10.2307/1887990	10.2307/1887990		J. Samuel Walker	The Journal of American History	75	2	1988-09-01T00:00:00Z	p. 673	Organization of American Historians	brv	Klaus Fuchs, Atom Spy|Robert Chadwell Williams		
10.2307/1901958	10.2307/1901958		George Athan Billias	The Journal of American History	68	3	1981-12-01T00:00:00Z	pp. 649-650	Organization of American Historians	brv	Lafayette in the Age of the American Revolution: Selected Letters and Papers, 1776-1790. Vol. III: April 27, 1780-March 29, 1781|Stanley J. Idzerda;Robert Rhodes Crout;Lloyd S. Kramer;Linda J. Pike;Mary Ann Quinn, Lafayette in the Age of the American Revolution: Selected Letters and Papers, 1776-1790. Vol. IV: April 1, 1781-December 23, 1781|Stanley J. Idzerda;Robert Rhodes Crout;Linda J. Pike;Mary Ann Quinn		
10.2307/1890544	10.2307/1890544		Carville Earle	The Journal of American History	70	1	1983-06-01T00:00:00Z	pp. 125-126	Organization of American Historians	brv	Surveyors and Statesmen: Land Measuring in Colonial Virginia|Sarah S. Hughes		
10.2307/2674756	10.2307/2674756		Peter Charles Hoffer	The Journal of American History	87	4	2001-03-01T00:00:00Z	pp. 1465-1466	Organization of American Historians	brv	Death of a Notary: Conquest and Change in Colonial New York|Donna Merwick		
10.2307/1893822	10.2307/1893822	Impact of Class Relations and Warfare in the American Revolution: The New York Experience	Sung Bok Kim	The Journal of American History	69	2	1982-09-01T00:00:00Z	pp. 326-346	Organization of American Historians	fla			
10.2307/1918371	10.2307/1918371	The British Response to the House-Grey Memorandum: New Evidence and New Questions	John Milton Cooper, Jr.	The Journal of American History	59	4	1973-03-01T00:00:00Z	pp. 958-966	Organization of American Historians	fla			
10.2307/2080055	10.2307/2080055		Zofia Libiszowska	The Journal of American History	79	2	1992-09-01T00:00:00Z	pp. 616-617	Organization of American Historians	brv	Liberty/Liberte: The American and French Experiences.|Joseph Klaits;Michael H. Haltzel		
10.2307/1903976	10.2307/1903976		Larzar Ziff	The Journal of American History	61	2	1974-09-01T00:00:00Z	pp. 460-462	Organization of American Historians	brv	The Diary of Samuel Sewall, 1674-1729, Vol.I 1674-1708. Vol.II 1709-1729|M. Halsey Thomas		
10.2307/1908258	10.2307/1908258		Jerald A. Combs	The Journal of American History	73	2	1986-09-01T00:00:00Z	pp. 463-464	Organization of American Historians	brv	Peace and the Peacemakers: The Treaty of 1783|Ronald Hoffman;Peter J. Albert		
10.2307/1888018	10.2307/1888018		Lawrence H. Leder	The Journal of American History	51	2	1964-09-01T00:00:00Z	pp. 295-296	Organization of American Historians	brv	Philip Schuyler and the American Revolution in New York, 1733-1777|Don R. Gerlach		
10.2307/1888293	10.2307/1888293		Arthur H. Shaffer	The Journal of American History	64	1	1977-06-01T00:00:00Z	pp. 125-126	Organization of American Historians	brv	The Correspondence of William Nelson as Acting Governor of Virginia, 1770-1771|John C. Van Horne		
10.2307/1890035	10.2307/1890035		Lloyd J. Graybar	The Journal of American History	68	2	1981-09-01T00:00:00Z	pp. 411-412	Organization of American Historians	brv	The U. S. Navy in Pensacola: From Sailing Ships to Naval Aviation (1825-1930)|George F. Pearce		
10.2307/1902212	10.2307/1902212		David J. Garrow	The Journal of American History	74	3	1987-12-01T00:00:00Z	p. 1076	Organization of American Historians	brv	The Second Oldest Profession: Spies and Spying in the Twentieth Century|Philip Knightley		
10.2307/40662874	10.2307/40662874		Ethan S. Rafuse	The Journal of American History	97	1	2010-06-01T00:00:00Z	pp. 185-186	Organization of American Historians	brv	<italic>Lincolns Political Generals</italic>|David Work		
10.2307/1899615	10.2307/1899615		Seymour J. Mandelbaum	The Journal of American History	55	2	1968-09-01T00:00:00Z	pp. 423-424	Organization of American Historians	brv	The Pendergast Machine|Lyle W. Dorsett		
10.2307/1899851	10.2307/1899851		Thomas E. Buckley	The Journal of American History	71	1	1984-06-01T00:00:00Z	pp. 114-115	Organization of American Historians	brv	Gottlieb Schober of Salem: Discipleship and Ecumenical Vision in an Early Moravian Town|Jerry L. Surratt		
10.2307/1887566	10.2307/1887566	The Historian as Editor: Francis Parkman's Reconstruction of Sources in Montcalm and Wolfe	Richard C. Vitzthum	The Journal of American History	53	3	1966-12-01T00:00:00Z	pp. 471-486	Organization of American Historians	fla			
10.2307/1902071	10.2307/1902071		Sheldon S. Cohen	The Journal of American History	56	1	1969-06-01T00:00:00Z	pp. 121-122	Organization of American Historians	brv	Congregational Commonwealth: Connecticut, 1636-1662|Mary Jeanne Anderson Jones		
10.2307/1887669	10.2307/1887669		Richard Buel, Jr.	The Journal of American History	66	4	1980-03-01T00:00:00Z	pp. 921-922	Organization of American Historians	brv	The Southern Federalists, 1800-1816|James H. Broussard		
10.2307/1887893	10.2307/1887893		Leonard L. Richards	The Journal of American History	75	2	1988-09-01T00:00:00Z	pp. 594-595	Organization of American Historians	brv	The Road to Mobocracy: Popular Disorder In New York City, 1763-1834|Paul A. Gilje		
10.2307/3092221	10.2307/3092221		Thomas F. Curran	The Journal of American History	89	2	2002-09-01T00:00:00Z	pp. 637-638	Organization of American Historians	brv	"Heaven Will Frown on Such a Cause as This": Six Democrats Who Opposed Lincoln's War|Joanna D. Cowden		
10.2307/1890436	10.2307/1890436		Brooke Hindle	The Journal of American History	67	2	1980-09-01T00:00:00Z	pp. 395-396	Organization of American Historians	brv	The Papers of Benjamin Franklin. Vol. 20: January 1 through December 31, 1773, The Papers of Benjamin Franklin. Vol. 21: January 1, 1774, through March 22, 1775|William B. Willcox;Douglas M. Arnold;Dorothy W. Bridgwater;Mary L. Hart;Claude A. Lopez;C. A. Myrans;Catherine M. Prelinger		
10.2307/1888185	10.2307/1888185		Martin Zanger	The Journal of American History	65	1	1978-06-01T00:00:00Z	pp. 155-156	Organization of American Historians	brv	Joseph N. Nicollet on the Plains and Prairies: The Expeditions of 1838-39 With Journals, Letters, and Notes on the Dakota Indians|Edmund C. Bray;Martha Coleman Bray		
10.2307/4486279	10.2307/4486279		Thomas Adam	The Journal of American History	93	2	2006-09-01T00:00:00Z	p. 522	Organization of American Historians	brv	Preußen und Die USA, 1850 Bis 1867: Transatlantische Wechselwirkungen (Prussia and the USA, 1850 to 1867: Transatlantic Interactions)|Enno Eimers		
10.2307/1900567	10.2307/1900567		Bradford Perkins	The Journal of American History	57	1	1970-06-01T00:00:00Z	pp. 131-132	Organization of American Historians	brv	Aftermath of Revolution: British Policy Toward the United States 1783-1795|Charles R. Ritcheson		
10.2307/1890689	10.2307/1890689		Donald F. Durnbaugh	The Journal of American History	61	4	1975-03-01T00:00:00Z	pp. 1118-1119	Organization of American Historians	brv	The Brethren in Virginia: The History of the Church of the Brethren in Virginia|Roger E. Sappington		
10.2307/1887662	10.2307/1887662		Mary B. Wickwire	The Journal of American History	66	4	1980-03-01T00:00:00Z	pp. 914-915	Organization of American Historians	brv	Burgoyne of Saratoga: A Biography|Gerald Howson		
10.2307/1917530	10.2307/1917530		George R. Gilkey	The Journal of American History	56	4	1970-03-01T00:00:00Z	pp. 893-894	Organization of American Historians	brv	Autobiografia giovone America: La Stotiografia americana dai Padri Pellegrini all'Indipendenza|Giorgio Spini		
10.2307/1887234	10.2307/1887234	The Search for a Usable Indian: An Aspect of the Defense of Colonial New England	Richard R. Johnson	The Journal of American History	64	3	1977-12-01T00:00:00Z	pp. 623-651	Organization of American Historians	fla			
10.2307/2952935	10.2307/2952935		Sylvia Neely	The Journal of American History	83	4	1997-03-01T00:00:00Z	pp. 1385-1386	Organization of American Historians	brv	France and America in the Revolutionary Era: The Life of Jacques-Donatien Leray de Chaumont, 1725-1803.|Thomas J. Schaeper		
10.2307/1917581	10.2307/1917581		Charles C. Alexander	The Journal of American History	56	4	1970-03-01T00:00:00Z	pp. 950-951	Organization of American Historians	brv	Ideologies and Utopias: The Impact of the New Deal on American Thought|Arthur A. Ekirch Jr.		
10.2307/1900457	10.2307/1900457		Joan R. Gundersen	The Journal of American History	67	1	1980-06-01T00:00:00Z	pp. 124-125	Organization of American Historians	brv	Bishops by Ballot: An Eighteenth-Century Ecclesiastical Revolution|Frederick V. Mills, Sr.		
10.2307/1900688	10.2307/1900688		Thomas H. Baker	The Journal of American History	59	3	1972-12-01T00:00:00Z	pp. 700-701	Organization of American Historians	brv	A History of the National Intelligencer|William E. Ames		
10.2307/2079549	10.2307/2079549		Ronald W. Howard	The Journal of American History	78	2	1991-09-01T00:00:00Z	pp. 635-636	Organization of American Historians	brv	Possessing Albany, 1630-1710: The Dutch and English Experiences.|Donna Merwick		
10.2307/1902180	10.2307/1902180		James Hennesey	The Journal of American History	74	3	1987-12-01T00:00:00Z	pp. 1050-1051	Organization of American Historians	brv	Louis William DuBourg: Bishop of Louisiana and the Floridas, Bishop of Montauban and Archbishop of Besancon, 1766-1833|Annabelle M. Melville		
10.2307/2568214	10.2307/2568214		Charles W. Sydnor Jr.	The Journal of American History	84	4	1998-03-01T00:00:00Z	pp. 1571-1572	Organization of American Historians	brv	OMGUS-Handbuch: Die amerikanische Militarregierung in Deutschland, 1945- 1949 (OMGUS-Handbook: The American Military Government in Germany, 1945- 1949).|Christoph Weisz		
10.2307/2078502	10.2307/2078502		Helen Hornbeck Tanner	The Journal of American History	79	1	1992-06-01T00:00:00Z	p. 244	Organization of American Historians	brv	Mullet on the Beach: The Minorcans of Florida, 1768-1788.|Patricia C. Griffin		
10.2307/1904248	10.2307/1904248		Ludwell H. Johnson	The Journal of American History	56	3	1969-12-01T00:00:00Z	pp. 676-677	Organization of American Historians	brv	Braxton Bragg and Confederate Defeat. Volume I. Field Command|Grady McWhiney		
10.2307/27694753	10.2307/27694753		Mark A. Nicholas	The Journal of American History	96	1	2009-06-01T00:00:00Z	pp. 187-188	Organization of American Historians	brv	To Live upon Hope: Mohicans and Missionaries in the Eighteenth-Century Northeast|Rachel Wheeler		
10.2307/1900285	10.2307/1900285		Donald R. McCoy	The Journal of American History	70	2	1983-09-01T00:00:00Z	p. 454	Organization of American Historians	brv	Governor Philip F. La Follette, the Wisconsin Progressives, and the New Deal|John E. Miller		
10.2307/1889898	10.2307/1889898		Robert V. Remini	The Journal of American History	67	3	1980-12-01T00:00:00Z	pp. 673-674	Organization of American Historians	brv	Correspondence of James K. Polk. Vol. V: 1839-1841|Wayne Cutler;Earl J. Smith;Carese M. Parker		
10.2307/1887912	10.2307/1887912		James B. Allen	The Journal of American History	75	2	1988-09-01T00:00:00Z	pp. 610-611	Organization of American Historians	brv	The 1838 Mormon War in Missouri|Stephen C. LeSuer		
10.2307/1894092	10.2307/1894092		J. Leitch Wright, Jr.	The Journal of American History	65	2	1978-09-01T00:00:00Z	pp. 418-419	Organization of American Historians	brv	The Enterprise of Florida: Pedro Menendez de Aviles and the Spanish Conquest of 1565-1568|Eugene Lyon		
10.2307/1900548	10.2307/1900548	France and the War of 1812	Lawrence S. Kaplan	The Journal of American History	57	1	1970-06-01T00:00:00Z	pp. 36-47	Organization of American Historians	fla			
10.2307/2081066	10.2307/2081066		Robert W. Larson	The Journal of American History	81	1	1994-06-01T00:00:00Z	pp. 276-277	Organization of American Historians	brv	Desert Lawmen: The High Sheriffs of New Mexico and Arizona, 1846-1912.|Larry D. Ball		
10.2307/1888323	10.2307/1888323		Lucius F. Ellsworth	The Journal of American History	64	1	1977-06-01T00:00:00Z	pp. 157-158	Organization of American Historians	brv	History of Jefferson County|Jerrell H. Shonfner		
10.2307/2081536	10.2307/2081536		Anne J. Bailey	The Journal of American History	81	3	1994-12-01T00:00:00Z	p. 1321	Organization of American Historians	brv	Lion of the South: General Thomas C. Hindman.|Diane Neal;Thomas W. Kremm		
10.2307/1889654	10.2307/1889654	Cultural Brokers and Intercultural Politics: New York-Iroquois Relations, 1664-1701	Daniel K. Richter	The Journal of American History	75	1	1988-06-01T00:00:00Z	pp. 40-67	Organization of American Historians	fla			
10.2307/40661863	10.2307/40661863		Lisa Wilson	The Journal of American History	96	4	2010-03-01T00:00:00Z	pp. 1169-1170	Organization of American Historians	brv	<italic>The Overflowing of Friendship: Love between Men and the Creation of the American Republic</italic>|Richard Godbeer		
10.2307/27694752	10.2307/27694752		Craig D. Atwood	The Journal of American History	96	1	2009-06-01T00:00:00Z	pp. 186-187	Organization of American Historians	brv	Ethnographies and Exchanges: Native Americans, Moravians, and Catholics in Early North America|A. G. Roeber		
10.2307/2945544	10.2307/2945544		James M. Bergquist	The Journal of American History	83	1	1996-06-01T00:00:00Z	pp. 221-222	Organization of American Historians	brv	The German Immigrant Community of Holyoke, Massachusetts, 1865-1920.|Gerhard Wiesinger		
10.2307/2937468	10.2307/2937468		Charles W. Turner	The Journal of American History	54	3	1967-12-01T00:00:00Z	pp. 674-675	Organization of American Historians	brv	John Letcher of Virginia: The Story of Virginia's Civil War Governor|F. N. Boney		
10.2307/2081264	10.2307/2081264		Paul H. Tedesco	The Journal of American History	81	2	1994-09-01T00:00:00Z	p. 697	Organization of American Historians	brv	The Course of Industrial Decline: The Boott Cotton Mills of Lowell, Massachusetts, 1835-1955.|Laurence F. Gross		
10.2307/2079558	10.2307/2079558		Max M. Mintz	The Journal of American History	78	2	1991-09-01T00:00:00Z	pp. 642-643	Organization of American Historians	brv	Battles of the Revolutionary War, 1775-1781.|W. J. Wood		
10.2307/2080157	10.2307/2080157		Georg G. Iggers	The Journal of American History	79	2	1992-09-01T00:00:00Z	pp. 711-712	Organization of American Historians	brv	An Interrupted Past: German-Speaking Refugee Historians in the United States after 1933.|Hartmut Lehmann;James J. Sheehan		
10.2307/2079248	10.2307/2079248		Robert V. Remini	The Journal of American History	77	2	1990-09-01T00:00:00Z	p. 672	Organization of American Historians	brv	Correspondence of James K. Polk. Vol. VII: January-August 1844.|Wayne Cutler;James P. Cooper, Jr.		
10.2307/2081218	10.2307/2081218		Kimberly S. Hanger	The Journal of American History	81	2	1994-09-01T00:00:00Z	pp. 657-658	Organization of American Historians	brv	Francisco Bouligny: A Bourbon Soldier in Spanish Louisiana.|Gilbert C. Din		
10.2307/1918381	10.2307/1918381		Stephen Saunders Webb	The Journal of American History	59	4	1973-03-01T00:00:00Z	pp. 980-982	Organization of American Historians	brv	"Salutary Neglect": Colonial Administration under the Duke of Newcastle|James A. Henretta		
10.2307/41510148	10.2307/41510148		Robert J. Alderson Jr.	The Journal of American History	98	3	2011-12-01T00:00:00Z	pp. 817-818	Organization of American Historians	brv	Joel Barlow: American Citizen in a Revolutionary World|Richard Buel Jr.		
10.2307/2937422	10.2307/2937422		Gerald E. Hartdagen	The Journal of American History	54	3	1967-12-01T00:00:00Z	pp. 630-631	Organization of American Historians	brv	Moravians In Two Worlds: A Study of Changing Communities|Gillian Lindt Gollin		
10.2307/3660193	10.2307/3660193		John Resch	The Journal of American History	91	4	2005-03-01T00:00:00Z	pp. 1429-1430	Organization of American Historians	brv	The Soldiers' Revolution: Pennsylvanians in Arms and the Forging of Early American Identity|Gregory T. Knouff		
10.2307/2936452	10.2307/2936452		Leonard L. Richards	The Journal of American History	76	3	1989-12-01T00:00:00Z	p. 909	Organization of American Historians	brv	Authority and Resistance in Early New York|William Pencak;Conrad Edick Wright		
10.2307/1900341	10.2307/1900341		Robert E. Brown	The Journal of American History	54	1	1967-06-01T00:00:00Z	pp. 111-112	Organization of American Historians	brv	1775: Another Part of the Field|Ivor Noel Hume		
10.2307/1888072	10.2307/1888072		Don Higginbotham	The Journal of American History	67	4	1981-03-01T00:00:00Z	pp. 906-907	Organization of American Historians	brv	The Papers of General Nathanael Greene. Vol. II: 1 January 1777-16 October 1778|Richard K. Showman;Robert E. McCarthy;Margaret Cobb		
10.2307/2567806	10.2307/2567806		Daniel B. Thorp	The Journal of American History	85	2	1998-09-01T00:00:00Z	pp. 673-674	Organization of American Historians	brv	Moravian Women's Memoirs: Their Related Lives, 1750-1820.|Katherine M. Faull		
10.2307/2078311	10.2307/2078311		Gavin Wright	The Journal of American History	77	4	1991-03-01T00:00:00Z	pp. 1357-1358	Organization of American Historians	brv	Speculators and Slaves: Masters, Traders, and Slaves in the Old South.|Michael Tadman		
10.2307/1887365	10.2307/1887365		Edwin A. Battison	The Journal of American History	63	3	1976-12-01T00:00:00Z	pp. 687-688	Organization of American Historians	brv	The Gunsmith in Colonial Virginia|Harold B. Gill, Jr.		
10.2307/2945536	10.2307/2945536		Tinsley E. Yarbrough	The Journal of American History	83	1	1996-06-01T00:00:00Z	p. 214	Organization of American Historians	brv	James Louis Petigru: Southern Conservative, Southern Dissenter.|William H. Pease;Jane H. Pease		
10.2307/1917529	10.2307/1917529		A. O. Nasatir	The Journal of American History	56	4	1970-03-01T00:00:00Z	pp. 892-893	Organization of American Historians	brv	Frenchmen and French Ways in the Mississippi Valley|John Francis McDermott		
10.2307/25622337	10.2307/25622337		William Stinchcombe	The Journal of American History	96	2	2009-09-01T00:00:00Z	pp. 528-529	Organization of American Historians	brv	This Bright Era of Happy Revolutions: French Consul Michel-Ange-Bernard Mangourit and International Republicanism in Charleston, 1792-1794|Robert J. Alderson, Jr.		
10.2307/1889880	10.2307/1889880		Karen Ordahl Kupperman	The Journal of American History	67	3	1980-12-01T00:00:00Z	pp. 656-657	Organization of American Historians	brv	Jamestown, 1544-1699|Carl Bridenbaugh		
10.2307/2082084	10.2307/2082084		Lloyd E. Ambrosius	The Journal of American History	82	1	1995-06-01T00:00:00Z	pp. 304-305	Organization of American Historians	brv	Woodrow Wilson: British Perspectives, 1912-21.|G. R. Conyne		
10.2307/1903175	10.2307/1903175		William J. Cooper, Jr.	The Journal of American History	69	3	1982-12-01T00:00:00Z	pp. 701-702	Organization of American Historians	brv	Jacksonian Politics and Community Conflict: The Emergence of the Second American Party System in Cumberland County, North Carolina|Harry L. Watson		
10.2307/1887257	10.2307/1887257		John K. Mahon	The Journal of American History	64	3	1977-12-01T00:00:00Z	pp. 767-768	Organization of American Historians	brv	General Solomon Lovell and the Penobscot Expedition, 1779|Chester B. Kevitt		
10.2307/2936343	10.2307/2936343		Don R. Gerlach	The Journal of American History	60	1	1973-06-01T00:00:00Z	pp. 112-114	Organization of American Historians	brv	The History of the Province of New-York|William Smith, Jr.;Michael Kammen		
10.2307/2937467	10.2307/2937467		Archer Jones	The Journal of American History	54	3	1967-12-01T00:00:00Z	pp. 673-674	Organization of American Historians	brv	Van Dorn: The Life and Times of a Confederate General|Robert G. Hartje		
10.2307/2674745	10.2307/2674745		Philip Benedict	The Journal of American History	87	4	2001-03-01T00:00:00Z	pp. 1455-1456	Organization of American Historians	brv	Pelleteries, manchons, et chapeaux de castor: Les fourrures nord-américaines à Paris, 1500-1632 (Pelts, Muffs, and Beaver Hats: North American Furs in Paris, 1500-1632)|Bernard Allaire		
10.2307/1909009	10.2307/1909009		John T. Reilly	The Journal of American History	63	1	1976-06-01T00:00:00Z	pp. 112-113	Organization of American Historians	brv	The Loyalist Americans: A Focus on Greater New York|Robert A. East;Jacob Judd		
10.2307/2082209	10.2307/2082209		Francis Jennings	The Journal of American History	82	2	1995-09-01T00:00:00Z	pp. 679-680	Organization of American Historians	brv	Warpaths: Invasions of North America.|Ian K. Steele		
10.2307/1887513	10.2307/1887513		Frank A. Cassell	The Journal of American History	71	3	1984-12-01T00:00:00Z	pp. 634-635	Organization of American Historians	brv	Littleton Waller Tazewell|Norma Lois Peterson		
10.2307/2079247	10.2307/2079247		Lawrence Frederick Kohl	The Journal of American History	77	2	1990-09-01T00:00:00Z	p. 671	Organization of American Historians	brv	The Presidencies of William Henry Harrison & John Tyler.|Norma Lois Peterson		
10.2307/2079219	10.2307/2079219		Charles H. Glatfelter	The Journal of American History	77	2	1990-09-01T00:00:00Z	pp. 647-648	Organization of American Historians	brv	The Transformation of Moravian Bethlehem: From Communal Mission to Family Economy.|Beverly Prior Smaby		
10.2307/2082020	10.2307/2082020		Jeannie M. Whayne	The Journal of American History	82	1	1995-06-01T00:00:00Z	pp. 250-251	Organization of American Historians	brv	The Impact of the Civil War and Reconstruction on Arkansas: Persistence in the Midst of Ruin.|Carl H. Moneyhon		
10.2307/1889823	10.2307/1889823		W. Turrentine Jackson	The Journal of American History	51	4	1965-03-01T00:00:00Z	pp. 710-711	Organization of American Historians	brv	Conestoga Wagon, 1750-1850: Freight Carrier for 100 Years of America's Westward Expansion|George Shumway;Edward Durell;Howard C. Frey		
10.2307/1917849	10.2307/1917849	The Partition Treaty and the Declaration of American Independence	James H. Hutson	The Journal of American History	58	4	1972-03-01T00:00:00Z	pp. 877-896	Organization of American Historians	fla			
10.2307/1900704	10.2307/1900704		Philip Gleason	The Journal of American History	59	3	1972-12-01T00:00:00Z	pp. 717-718	Organization of American Historians	brv	Conception: A History of the First Century of the Conception Colony 1858-1958; A History of the First Century of Conception Abbey 1873-1971; A History of New Engelberg College, Conception College, and the Immaculate Conception Seminary 1886-1791|Edward E. Malone		
10.2307/3662882	10.2307/3662882		Robert J. Allison	The Journal of American History	91	3	2004-12-01T00:00:00Z	pp. 994-995	Organization of American Historians	brv	Turning the World Upside Down: The War of American Independence and the Problem of Empire|Neil Longley York		
10.2307/1890850	10.2307/1890850	A New Look at Cambridge	Robert Emmet Wall, Jr.	The Journal of American History	52	3	1965-12-01T00:00:00Z	pp. 599-605	Organization of American Historians	fla			
10.2307/2079218	10.2307/2079218		John B. Frantz	The Journal of American History	77	2	1990-09-01T00:00:00Z	pp. 646-647	Organization of American Historians	brv	A Perfect Babel of Confusion: Dutch Religion and English Culture in the Middle Colonies.|Randall Balmer		
10.2307/1890933	10.2307/1890933		Robert A. Becker	The Journal of American History	68	1	1981-06-01T00:00:00Z	pp. 122-123	Organization of American Historians	brv	Shay's Rebellion: The Making of an Agrarian Insurrection|David P. Szatmary		
10.2307/1888456	10.2307/1888456		Albert U. Romasco	The Journal of American History	59	1	1972-06-01T00:00:00Z	pp. 185-186	Organization of American Historians	brv	Fighting Progressive: A Biography of Edward P. Costigan|Fred Greenbaum		
10.2307/2081204	10.2307/2081204		Gerald F. Moran	The Journal of American History	81	2	1994-09-01T00:00:00Z	p. 646	Organization of American Historians	brv	The Devil's Dominion: Magic and Religion in Early New England.|Richard Godbeer		
10.2307/4486428	10.2307/4486428		Jack D. Marietta	The Journal of American History	93	3	2006-12-01T00:00:00Z	pp. 837-838	Organization of American Historians	brv	"Rememb'ring Our Time and Work Is the Lords": The Experiences of Quakers on the Eighteenth-Century Pennsylvania Frontier|Karen Guenther		
10.2307/1887262	10.2307/1887262		E. Wilson Lyon	The Journal of American History	64	3	1977-12-01T00:00:00Z	pp. 772-773	Organization of American Historians	brv	Louis-Philippe: Journal de Mon Voyage d'Amerique|Suzanne d'Huart		
10.2307/2568082	10.2307/2568082	"The Extention of His Majesties Dominions": The Virginia Backcountry and the Reconfiguration of Imperial Frontiers	Warren R. Hofstra	The Journal of American History	84	4	1998-03-01T00:00:00Z	pp. 1281-1312	Organization of American Historians	fla			
10.2307/1901388	10.2307/1901388		Martin Zanger	The Journal of American History	62	1	1975-06-01T00:00:00Z	pp. 178-179	Organization of American Historians	brv	Norman Thomas|James C. Duram		
10.2307/1894913	10.2307/1894913		Charles G. Sellers, Jr.	The Journal of American History	51	3	1964-12-01T00:00:00Z	pp. 504-506	Organization of American Historians	brv	Justice Daniel Dissenting: A Biography of Peter V. Daniel, 1784-1860|John P. Frank		
10.2307/1901494	10.2307/1901494		Richard N. Current	The Journal of American History	65	3	1978-12-01T00:00:00Z	p. 816	Organization of American Historians	brv	Senator Lenroot of Wisconsin: A Political Biography, 1900-1929|Herbert F. Margulies		
10.2307/2567217	10.2307/2567217	Popular Mobilization and Political Culture in Revolutionary Virginia: The Failure of the Minutemen and the Revolution from Below	Michael A. McDonnell	The Journal of American History	85	3	1998-12-01T00:00:00Z	pp. 946-981	Organization of American Historians	fla			
10.2307/1890317	10.2307/1890317		Trevor Colbourn	The Journal of American History	66	3	1979-12-01T00:00:00Z	pp. 632-633	Organization of American Historians	brv	English Radicals and the American Revolution|Colin Bonwick		
10.2307/3659455	10.2307/3659455		Evan Haefeli	The Journal of American History	90	2	2003-09-01T00:00:00Z	pp. 619-620	Organization of American Historians	brv	The Imperial Executive in America: Sir Edmund Andros, 1637-1714|Mary Lou Lustig		
10.2307/1899849	10.2307/1899849		Robert M. Bliss	The Journal of American History	71	1	1984-06-01T00:00:00Z	pp. 112-113	Organization of American Historians	brv	English America and the Revolution of 1688: Royal Administration and the Structure of Provincial Government|J. M. Sosin		
10.2307/2079367	10.2307/2079367		Sally Schwartz	The Journal of American History	78	4	1992-03-01T00:00:00Z	pp. 1417-1418	Organization of American Historians	brv	A Dutch Family in the Middle Colonies, 1660-1800.|Firth Haring Fabend		
10.2307/1908012	10.2307/1908012		Mary Beth Norton	The Journal of American History	76	2	1989-09-01T00:00:00Z	pp. 583-584	Organization of American Historians	brv	The Papers of George Washington, Colonial Series. Vol. I: 1748-August 1755. Vol. II: August 1755-April 1756|W. W. Abbot;Dorothy Twohig, The Papers of George Washington, Colonial Series. Vol. III: April-November 1756. Vol. IV: November 1756-October 1757|W. W. Abbot;Dorothy Twohig, The Papers of George Washington, Colonial Series. Vol. V: October 1757-September 1758. Vol. VI: September 1758-December 1760|W. W. Abbot		
10.2307/4485905	10.2307/4485905		Carol V. R. George	The Journal of American History	92	4	2006-03-01T00:00:00Z	pp. 1409-1410	Organization of American Historians	brv	Rebecca's Revival: Creating Black Christianity in the Atlantic World|Jon F. Sensbach		
10.2307/3660913	10.2307/3660913		Andrew Shankman	The Journal of American History	90	3	2003-12-01T00:00:00Z	pp. 1002-1003	Organization of American Historians	brv	Ratifying the Republic: Antifederalists and Federalists in Constitutional Time|David J. Siemers		
10.2307/2079220	10.2307/2079220		Alan D. Watson	The Journal of American History	77	2	1990-09-01T00:00:00Z	p. 648	Organization of American Historians	brv	The Moravian Community in Colonial North Carolina: Pluralism on the Southern Frontier.|Daniel B. Thorp		
10.2307/2080077	10.2307/2080077		Carol Devens	The Journal of American History	79	2	1992-09-01T00:00:00Z	pp. 637-639	Organization of American Historians	brv	Blackcoats among the Delaware: David Zeisberger on the Ohio Frontier.|Earl P. Olmstead, The Real People and the Children of Thunder: The Yup'ik Eskimo Encounter with Moravian Missionaries John and Edith Kilbuck.|Ann Fienup-Riordan		
10.2307/1893751	10.2307/1893751		Ralph E. Ehrenberg	The Journal of American History	58	3	1971-12-01T00:00:00Z	pp. 737-738	Organization of American Historians	brv	The Journals of Joseph N. Nicollet: A Scientist on the Mississippi Headwaters with Notes on Indian Life, 1836-37|Martha Coleman Bray;Andre Fertey		
10.2307/1900714	10.2307/1900714		Robert L. Kerby	The Journal of American History	59	3	1972-12-01T00:00:00Z	pp. 728-729	Organization of American Historians	brv	A Louisiana Confederate: Diary of Felix Pierre Poche|Edwin C. Bearss;Eugenie Watson Somdal		
10.2307/1888300	10.2307/1888300		Russell F. Weigley	The Journal of American History	64	1	1977-06-01T00:00:00Z	pp. 132-133	Organization of American Historians	brv	The Making of a Scapegoat: Washington and Lee at Monmouth|Theodore Thayer		
10.2307/1888331	10.2307/1888331		Arnold Shankman	The Journal of American History	64	1	1977-06-01T00:00:00Z	pp. 165-166	Organization of American Historians	brv	Josiah Walls: Florida's Black Congressman of Reconstruction|Peter D. Klingman		
10.2307/1901447	10.2307/1901447		Richard J. Hargrove	The Journal of American History	65	3	1978-12-01T00:00:00Z	pp. 758-759	Organization of American Historians	brv	The Loyalist Mind: Joseph Galloway and the American Revolution|John E. Ferling		
10.2307/1894100	10.2307/1894100		Michael G. Hall	The Journal of American History	65	2	1978-09-01T00:00:00Z	pp. 427-428	Organization of American Historians	brv	The Duke's Province: A Study of New York Politics and Society, 1664-1691|Robert C. Ritchie		
10.2307/1903272	10.2307/1903272		Richard S. Dunn	The Journal of American History	62	2	1975-09-01T00:00:00Z	pp. 376-377	Organization of American Historians	brv	The Glorious Revolution in America|David S. Lovejoy		
10.2307/1887655	10.2307/1887655		Edward C. Papenfuse	The Journal of American History	66	4	1980-03-01T00:00:00Z	pp. 907-909	Organization of American Historians	brv	New York City, 1664-1710: Conquest and Change|Thomas J. Archdeacon		
10.2307/1901420	10.2307/1901420		Stuart Bruchey	The Journal of American History	65	3	1978-12-01T00:00:00Z	pp. 724-726	Organization of American Historians	brv	The Papers of Robert Morris, 1781-1784, 1781-1784. Vol. 2: August-September 1781|E. James Ferguson;John Catanzariti;Mary A. Gallagher, The Papers of Robert Morris, 1781-1784. Vol. 3: October 1, 1781-January 10, 1782|E. James Ferguson;John Catanzariti;Francine A. Moscowitz;Nelson A. Dearmont;Clarence L. Ver Steeg		
10.2307/1903957	10.2307/1903957		Alden T. Vaughan	The Journal of American History	61	2	1974-09-01T00:00:00Z	pp. 437-438	Organization of American Historians	brv	The Saltonstall Papers, 1607-1815: Selected and Edited and with Biographies of Ten Members of the Saltonstall Family in Six Generations Vol.I 1607-1789|Robert E. Moody		
10.2307/1891010	10.2307/1891010	Godliness, Property, and the Franchise in Puritan Massachusetts: An Interpretation	Richard C. Simmons	The Journal of American History	55	3	1968-12-01T00:00:00Z	pp. 495-511	Organization of American Historians	fla			
10.2307/2936215	10.2307/2936215	Talleyrand and the American Negotiations of 1797-1798	William Stinchcombe	The Journal of American History	62	3	1975-12-01T00:00:00Z	pp. 575-590	Organization of American Historians	fla			
10.2307/2675026	10.2307/2675026		Lois A. Boyd	The Journal of American History	88	1	2001-06-01T00:00:00Z	p. 260	Organization of American Historians	brv	Authority Vested: A Story of Identity and Change in the Lutheran Church–Missouri Synod|Mary Todd		
10.2307/1894642	10.2307/1894642		Paul W. Glad	The Journal of American History	65	4	1979-03-01T00:00:00Z	pp. 1174-1175	Organization of American Historians	brv	"Young Bob" La Follette: A Biography of Robert M. La Follette, Jr., 1895-1953|Patrick J. Maney		
10.2307/1908397	10.2307/1908397		Stanley J. Underdal	The Journal of American History	76	1	1989-06-01T00:00:00Z	pp. 249-250	Organization of American Historians	brv	Gold Braid and Foreign Relations: Diplomatic Activities of U.S. Naval Officers, 1798-1883|David F. Long		
10.2307/2081075	10.2307/2081075		Edwin C. Bearss	The Journal of American History	81	1	1994-06-01T00:00:00Z	p. 284	Organization of American Historians	brv	Pea Ridge: Civil War Campaign in the West.|William L. Shea;Earl J. Hess		
10.2307/1893934	10.2307/1893934		Charles W. Akers	The Journal of American History	53	1	1966-06-01T00:00:00Z	pp. 108-110	Organization of American Historians	brv	The Lamp of Experience: Whig History and the Intellectual Origins of the American Revolution|H. Trevor Colbourn		
10.2307/3660008	10.2307/3660008		Donald R. Hickey	The Journal of American History	92	3	2005-12-01T00:00:00Z	pp. 968-969	Organization of American Historians	brv	America on the Brink: How the Political Struggle over the War of 1812 Almost Destroyed the Young Republic|Richard Buel Jr.		
10.2307/2078276	10.2307/2078276		Michael G. Hall	The Journal of American History	77	4	1991-03-01T00:00:00Z	p. 1329	Organization of American Historians	brv	Two Mather Biographies: Life and Death and Parentator.|William J. Scheick		
10.2307/2080234	10.2307/2080234		Rob Kroes	The Journal of American History	79	4	1993-03-01T00:00:00Z	pp. 1579-1580	Organization of American Historians	brv	Mohawk Frontier: The Dutch Community of Schenectady, New York, 1661-1710.|Thomas E. Burke, Jr.		
10.2307/1903491	10.2307/1903491		Robert Kelley	The Journal of American History	70	3	1983-12-01T00:00:00Z	p. 634	Organization of American Historians	brv	Coherent Variety: The Idea of Diversity in British and American Conservative Thought|Michael D. Clark		
10.2307/1894846	10.2307/1894846		Robert Seager II	The Journal of American History	54	2	1967-09-01T00:00:00Z	pp. 412-413	Organization of American Historians	brv	Hardluck Ironclad: The Sinking and Salvage of the Cairo|Edwin C. Bearss		
10.2307/1894208	10.2307/1894208		Carl Ubbelohde	The Journal of American History	53	2	1966-09-01T00:00:00Z	pp. 350-351	Organization of American Historians	brv	Lord Dartmouth and the American Revolution|B. D. Bargar		
10.2307/1903972	10.2307/1903972		Linda Grant De Pauw	The Journal of American History	61	2	1974-09-01T00:00:00Z	pp. 456-457	Organization of American Historians	brv	Aspects of Early New York Society and Politics|Jacob Judd;Irwin H. Polishook		
10.2307/1890218	10.2307/1890218		Lawrence Lee	The Journal of American History	59	2	1972-09-01T00:00:00Z	pp. 413-414	Organization of American Historians	brv	The Pettigrew Papers. Vol. I: 1685-1818|Sarah McCulloh Lemmon		
10.2307/1889833	10.2307/1889833		T. Harry Williams	The Journal of American History	51	4	1965-03-01T00:00:00Z	pp. 722-724	Organization of American Historians	brv	Lincoln's Gadfly, Adam Gurowski|LeRoy H. Fischer		
10.2307/2936326	10.2307/2936326	The Puritans' Greatest Achievement: A Study of Social Cohesion in Seventeenth-Century Massachusetts	Timothy H. Breen, Stephen Foster	The Journal of American History	60	1	1973-06-01T00:00:00Z	pp. 5-22	Organization of American Historians	fla			
10.2307/1903604	10.2307/1903604	George Washington and the Reputation of Edmund Randolph	Mary K. Bonsteel Tachau	The Journal of American History	73	1	1986-06-01T00:00:00Z	pp. 15-34	Organization of American Historians	fla			
10.2307/25622334	10.2307/25622334		Jonathan R. Dull	The Journal of American History	96	2	2009-09-01T00:00:00Z	pp. 526-527	Organization of American Historians	brv	Defying Empire: Trading with the Enemy in Colonial New York|Thomas M. Truxes		
10.2307/3659449	10.2307/3659449		Daniel R. Mandell	The Journal of American History	90	2	2003-09-01T00:00:00Z	pp. 614-615	Organization of American Historians	brv	Sexual Revolution in Early America|Richard Godbeer		
10.2307/2079088	10.2307/2079088		Sydney Stahl Weinberg	The Journal of American History	77	3	1990-12-01T00:00:00Z	p. 1053	Organization of American Historians	brv	I Came a Stranger: The Story of a Hull-House Girl.|Hilda Satt Polacheck;Dena J. Polacheck Epstein		
10.2307/2079768	10.2307/2079768		Michael C. C. Adams	The Journal of American History	80	1	1993-06-01T00:00:00Z	pp. 276-277	Organization of American Historians	brv	In the Hands of Providence: Joshua L. Chamberlain and the American Civil War.|Alice Rains Trulock		
10.2307/1899574	10.2307/1899574		John Anthony Caruso	The Journal of American History	55	2	1968-09-01T00:00:00Z	p. 383	Organization of American Historians	brv	Spanish War Vessels on the Mississippi, 1792-1796|Abraham P. Nasatir		
10.2307/25095160	10.2307/25095160		Eliga H. Gould	The Journal of American History	94	3	2007-12-01T00:00:00Z	pp. 910-911	Organization of American Historians	brv	Hakluyt's Promise: An Elizabethan's Obsession for an English America|Peter C. Mancall		
10.2307/1888017	10.2307/1888017		Max Savelle	The Journal of American History	51	2	1964-09-01T00:00:00Z	pp. 294-295	Organization of American Historians	brv	New England Life in the 18th Century: Representative Biographies from Sibley's Harvard Graduates|Clifford K. Shipton		
10.2307/1891027	10.2307/1891027		Louis B. Wright	The Journal of American History	55	3	1968-12-01T00:00:00Z	p. 630	Organization of American Historians	brv	Alexander Spotswood: Portrait of a Governor|Walter Havighurst		
10.2307/1900228	10.2307/1900228		John C. Van Horne	The Journal of American History	70	2	1983-09-01T00:00:00Z	p. 402	Organization of American Historians	brv	Peyton Randolph, 1721-1775: One Who Presided|John J. Reardon		
10.2307/1902177	10.2307/1902177		Martha Tomhave Blauvelt	The Journal of American History	74	3	1987-12-01T00:00:00Z	pp. 1047-1048	Organization of American Historians	brv	Gilbert Tennent, Son of Thunder: A Case Study of Continental Pietism's Impact on the First Great Awakening in the Middle Colonies|Milton J Coalter, Jr.		
10.2307/25622375	10.2307/25622375		Tom Lee	The Journal of American History	96	2	2009-09-01T00:00:00Z	pp. 560-561	Organization of American Historians	brv	Race, War, and Remembrance in the Appalachian South|John C. Inscoe		
10.2307/1894033	10.2307/1894033		David R. Wrone	The Journal of American History	53	4	1967-03-01T00:00:00Z	pp. 827-828	Organization of American Historians	brv	Richard Yates: Civil War Governor|Richard Yates;Catherine Yates Pickering;John H. Krenkel		
10.2307/1899657	10.2307/1899657		D. Alan Williams	The Journal of American History	63	2	1976-09-01T00:00:00Z	p. 386	Organization of American Historians	brv	James Patton and the Appalachian Colonists|Patricia Givens Johnson		
10.2307/1888187	10.2307/1888187		John G. Barrett	The Journal of American History	65	1	1978-06-01T00:00:00Z	pp. 157-158	Organization of American Historians	brv	Burke: The History of a North Carolina County, 1777-1920, With a Glimpse Beyond|Edward William Phifer, Jr.		
10.2307/2079923	10.2307/2079923		Nicole Etcheson	The Journal of American History	80	2	1993-09-01T00:00:00Z	pp. 666-667	Organization of American Historians	brv	High on the Okaw's Western Bank: Vandalia, Illinois, 1819-39.|Paul E. Stroble, Jr.		
10.2307/1890951	10.2307/1890951		Lawrence D. Rice	The Journal of American History	68	1	1981-06-01T00:00:00Z	pp. 140-141	Organization of American Historians	brv	Republicanism in Reconstruction Texas|Carl H. Moneyhon		
10.2307/3660562	10.2307/3660562		Mark L. Kamrath	The Journal of American History	92	1	2005-06-01T00:00:00Z	pp. 203-204	Organization of American Historians	brv	Charles Brockden Brown's Revolution and the Birth of American Gothic|Peter Kafer		
10.2307/1900676	10.2307/1900676		Reginald Horsman	The Journal of American History	59	3	1972-12-01T00:00:00Z	pp. 686-687	Organization of American Historians	brv	The Iroquois in the American Revolution|Barbara Graymont		
10.2307/1900461	10.2307/1900461		George Athan Billias	The Journal of American History	67	1	1980-06-01T00:00:00Z	pp. 129-130	Organization of American Historians	brv	Lafayette in the Age of the American Revolution: Selected Letters and Papers, 1776-1790|Stanley J. Idzarda;Roger E. Smith;Linda J. Pike;Mary Ann Quinn		
10.2307/2944971	10.2307/2944971		Edwin B. Bronner	The Journal of American History	83	2	1996-09-01T00:00:00Z	pp. 598-599	Organization of American Historians	brv	Piety and Tolerance: Pennsylvania German Religion, 1700-1850.|Stephen L. Longenecker		
10.2307/2080236	10.2307/2080236		A. Owen Aldridge	The Journal of American History	79	4	1993-03-01T00:00:00Z	pp. 1580-1581	Organization of American Historians	brv	The Prism of Piety: Catholick Congregational Clergy at the Beginning of the Enlightenment.|John Corrigan		
10.2307/1908244	10.2307/1908244		W. A. Speck	The Journal of American History	73	2	1986-09-01T00:00:00Z	pp. 452-453	Organization of American Historians	brv	English America and Imperial Inconstancy: The Rise of Provincial Autonomy, 1696-1715|J. M. Sosin		
10.2307/1903807	10.2307/1903807		Robert M. Hathaway	The Journal of American History	72	1	1985-06-01T00:00:00Z	pp. 178-179	Organization of American Historians	brv	Succeeding John Bull: America in Britain's Place, 1900-1975: A Study of the Anglo-American Relationship and World Politics in the Context of Brtish and American Foreign-Policy Making in the Twentieth Century|D. Cameron Watt		
10.2307/2081037	10.2307/2081037		Bruce C. Daniels	The Journal of American History	81	1	1994-06-01T00:00:00Z	p. 249	Organization of American Historians	brv	The American Revolution.|Colin Bonwick		
10.2307/1904392	10.2307/1904392		Susan Strasser	The Journal of American History	72	3	1985-12-01T00:00:00Z	pp. 738-739	Organization of American Historians	brv	The Servant Problem: Domestic Workers in North America|Linda Martin;Kerry Segrave		

