WORDCOUNTS,WEIGHT
the,907
of,421
and,328
wide,277
to,218
in,217
a,196
awakes,192
that,107
their,102
s,99
awake,83
movement,72
for,69
new,67
on,66
young,64
political,61
as,56
republican,52
with,52
lincoln,51
by,51
campaign,51
were,49
was,46
men,45
from,43
york,41
but,41
they,38
an,38
it,35
party,34
militarism,33
not,32
at,31
american,31
daily,31
oct,31
election,30
war,29
members,29
clubs,29
republicans,28
organization,28
had,28
see,27
sept,27
his,26
many,25
between,25
than,23
herald,23
or,23
is,23
one,22
generation,22
companies,22
who,22
connecticut,21
p,21
more,21
have,21
though,20
its,20
club,19
chicago,19
some,19
democratic,18
this,18
hartford,18
into,17
martial,17
would,17
history,16
military,16
other,16
may,16
most,16
cleveland,16
torches,16
partisan,16
william,16
while,16
north,16
state,15
seward,15
age,15
so,15
henry,14
even,14
also,14
are,14
popular,14
first,13
september,13
violence,13
democrats,13
ed,13
like,13
presidential,13
northern,13
thousands,13
be,13
jackson,12
those,12
tribune,12
journal,12
network,12
about,12
often,12
over,12
abraham,12
through,12
all,11
uniforms,11
march,11
pipps,11
organized,11
could,11
out,11
participation,11
nation,11
aug,11
local,11
times,11
gazette,11
ohio,11
did,10
such,10
philadelphia,10
after,10
image,10
northerners,10
sperry,10
parades,10
civil,10
few,10
when,10
southern,10
competition,10
these,10
years,10
politicians,10
soldiers,10
voters,10
charles,10
com,10
no,9
how,9
during,9
weekly,9
society,9
south,9
culture,9
organize,9
diary,9
john,9
made,9
we,9
joined,9
strong,9
courier,8
if,8
old,8
former,8
before,8
t,8
there,8
mass,8
bangor,8
just,8
too,8
came,8
late,8
public,8
used,8
won,8
up,8
pamphlet,8
never,8
george,8
united,8
secession,8
rathbun,8
what,8
them,8
hundreds,8
politics,8
november,8
southerners,8
youth,8
states,8
c,8
sumner,7
gienapp,7
america,7
letter,7
throughout,7
established,7
cunliffe,7
view,7
older,7
demonstrates,7
june,7
wisconsin,7
two,7
vermont,7
been,7
time,7
less,7
probably,7
began,7
offered,7
form,7
nov,7
instead,7
little,7
e,6
constitution,6
large,6
candidate,6
women,6
company,6
has,6
democrat,6
adams,6
citizen,6
ment,6
active,6
jersey,6
powerful,6
speeches,6
your,6
work,6
symbolism,6
hampshire,6
own,6
maine,6
appeal,6
july,6
columbus,6
appeared,6
free,6
ibid,6
elections,6
excited,6
whig,6
organizational,6
leaders,6
historical,6
capes,6
boston,6
national,6
era,6
major,6
iowa,5
altschuler,5
long,5
might,5
great,5
last,5
papers,5
system,5
voting,5
con,5
milwaukee,5
felt,5
october,5
convention,5
sentinel,5
http,5
marching,5
americans,5
century,5
without,5
middletown,5
strange,5
spectators,5
white,5
rinhart,5
drill,5
m,5
important,5
union,5
opponents,5
vote,5
prominent,5
templeton,5
forces,5
mr,5
f,5
he,5
power,5
trenton,5
later,5
social,5
organizations,5
do,5
metaphors,5
rallies,5
editorials,5
fight,5
louis,5
use,5
which,5
him,5
high,5
black,5
thomas,5
deliberate,5
ago,5
army,5
telegraph,5
midnight,5
each,5
country,5
historians,5
partisans,5
thompson,5
works,5
accounts,5
metaphor,5
uniform,5
city,5
became,5
our,5
statesman,5
off,5
madison,5
news,5
among,5
frequent,4
democracy,4
lovejoy,4
declared,4
identity,4
complex,4
unlike,4
francis,4
lower,4
cast,4
electoral,4
attempt,4
parties,4
i,4
courtesy,4
watched,4
move,4
far,4
conflict,4
central,4
million,4
g,4
david,4
body,4
left,4
demonstration,4
ers,4
online,4
nevins,4
rather,4
observers,4
rosters,4
lowell,4
days,4
spirit,4
n,4
argued,4
frequently,4
combat,4
bearing,4
weapons,4
shared,4
blumin,4
census,4
weed,4
cultural,4
youthful,4
younger,4
however,4
james,4
information,4
memory,4
none,4
voted,4
story,4
part,4
macon,4
newspaper,4
employed,4
president,4
published,4
accused,4
sense,4
hard,4
cold,4
militant,4
around,4
presence,4
st,4
hoopla,4
will,4
san,4
letters,4
wrote,4
fighting,4
soon,4
us,4
light,4
baltimore,4
only,4
fire,4
toward,4
larger,4
end,4
man,4
took,4
ballot,4
where,4
thirties,4
demonstrations,4
number,4
obsession,4
day,4
original,4
helps,4
region,4
drills,4
tickets,4
office,4
banners,4
militaristic,4
three,4
victory,4
summer,4
parade,4
newspapers,4
grinspan,4
relationship,4
popularity,4
dec,4
force,4
fall,4
ing,4
months,4
militia,4
cam,4
rarely,4
spontaneous,4
par,4
half,4
speech,4
very,4
texas,4
ticket,4
born,4
both,4
introduced,4
despite,4
republic,4
easy,4
manhattan,4
twenties,4
ranks,4
harrison,4
coming,4
potter,4
spring,4
editor,4
illinois,4
finally,4
crisis,4
extremely,4
francisco,4
thousand,4
west,4
traditional,4
recent,4
rude,4
should,4
does,3
appealed,3
common,3
created,3
peaceful,3
nationwide,3
congressman,3
gallagher,3
library,3
federal,3
mexican,3
yancey,3
decade,3
nineteenth,3
being,3
reprinted,3
every,3
certainly,3
persi,3
abe,3
mob,3
friendly,3
allan,3
peck,3
farmers,3
link,3
hundred,3
paign,3
real,3
seriousness,3
elec,3
right,3
wilcox,3
hun,3
richard,3
along,3
brawls,3
wherever,3
sphere,3
chapters,3
fun,3
since,3
machine,3
honest,3
jr,3
campaigners,3
mississippian,3
candidates,3
clay,3
items,3
response,3
effective,3
warned,3
general,3
handful,3
surprisingly,3
beneath,3
h,3
process,3
knew,3
chalker,3
turn,3
b,3
marcus,3
study,3
bonds,3
bosses,3
university,3
wearing,3
impact,3
four,3
show,3
textile,3
origins,3
efficient,3
followed,3
cost,3
votes,3
permanent,3
founding,3
helped,3
detroit,3
missouri,3
carolina,3
owen,3
blooded,3
masculinity,3
informed,3
michigan,3
explain,3
because,3
future,3
nomination,3
already,3
mem,3
disunion,3
unless,3
explains,3
example,3
year,3
v,3
officers,3
douglas,3
member,3
rise,3
interpreted,3
enthusiastic,3
cider,3
good,3
carry,3
chose,3
next,3
box,3
night,3
event,3
involved,3
usual,3
boundaries,3
turnouts,3
infantry,3
role,3
contest,3
albany,3
april,3
still,3
make,3
yet,3
under,3
heritagequest,3
compiled,3
gov,3
illustrated,3
ballots,3
jon,3
generational,3
shows,3
pressure,3
clerks,3
diverse,3
hottest,3
impending,3
michael,3
poli,3
oil,3
campaigns,3
significant,3
congress,3
band,3
thurlow,3
previous,3
open,3
evening,3
parts,3
heritagequestonline,3
provides,3
corrupt,3
glenn,3
can,3
percent,3
below,3
quarterly,3
attention,3
fifty,3
usually,3
ideology,3
promotional,3
fear,3
bulletin,3
outburst,3
un,3
itself,3
fought,3
presidency,3
historian,3
believed,3
paramilitary,3
symbolic,3
theme,3
tics,3
why,3
civilians,3
patriot,3
best,3
down,3
cities,3
past,3
pushing,3
growing,3
malaise,3
cause,3
constitutional,3
huge,3
suggests,3
virginia,3
urban,3
size,3
middle,3
prairies,3
fair,3
excursion,3
joining,3
sectional,3
sparked,3
formation,3
washington,3
grant,3
dangerous,3
d,3
worried,3
vanity,3
themselves,3
early,3
fears,3
much,3
ments,2
now,2
tavern,2
panicked,2
forty,2
bensel,2
drunken,2
way,2
stuart,2
tion,2
groups,2
llc,2
decades,2
college,2
diarist,2
alone,2
distributed,2
per,2
speakers,2
group,2
join,2
newark,2
formed,2
ly,2
ominous,2
schurz,2
harsh,2
total,2
detailing,2
something,2
po,2
arguing,2
arms,2
stress,2
highlighted,2
tracy,2
imprints,2
ii,2
attempts,2
class,2
vols,2
worked,2
action,2
supplied,2
words,2
available,2
packed,2
twenty,2
shoulder,2
display,2
thank,2
narrative,2
oyster,2
shot,2
able,2
government,2
proves,2
enameled,2
launched,2
wore,2
nationalism,2
help,2
gideon,2
bricks,2
displayed,2
intelligence,2
within,2
daniel,2
marketed,2
empty,2
escort,2
dr,2
shaken,2
key,2
salesman,2
electioneering,2
oscar,2
world,2
pam,2
ignores,2
sent,2
painfully,2
stirring,2
directed,2
split,2
rifle,2
mid,2
labor,2
virginians,2
andrew,2
evidence,2
interest,2
center,2
stands,2
uniformity,2
hat,2
exercise,2
midsummer,2
breckinridge,2
sanders,2
back,2
six,2
houses,2
compared,2
truly,2
publications,2
shiny,2
guard,2
leadership,2
hardly,2
competitive,2
welles,2
employ,2
failed,2
mechanisms,2
offices,2
whose,2
miscellany,2
superficial,2
across,2
generations,2
developed,2
organizing,2
swept,2
patronage,2
midwest,2
filled,2
populism,2
fever,2
ex,2
estimates,2
congressional,2
scattered,2
caps,2
support,2
firing,2
reason,2
throwers,2
excursions,2
quoted,2
articulated,2
house,2
dallas,2
excitement,2
w,2
ulysses,2
meant,2
tory,2
counsel,2
cut,2
invading,2
friends,2
boisterous,2
legislative,2
remembered,2
based,2
rivals,2
marion,2
conservative,2
called,2
color,2
strength,2
exuberance,2
cians,2
fishing,2
events,2
repub,2
adolescence,2
whigs,2
secretly,2
hurrah,2
wise,2
further,2
pro,2
focused,2
newfound,2
earthquake,2
divide,2
recently,2
population,2
moore,2
symbols,2
track,2
brooklyn,2
noticed,2
near,2
aspects,2
well,2
line,2
quincy,2
claim,2
imagined,2
r,2
brought,2
experience,2
feared,2
caught,2
ten,2
got,2
minute,2
gave,2
fit,2
clad,2
people,2
winter,2
demon,2
tumultuous,2
call,2
pseudomilitary,2
capacities,2
preparation,2
week,2
grassroots,2
tone,2
least,2
revolution,2
senator,2
order,2
weakness,2
ward,2
calling,2
several,2
altered,2
concerns,2
highly,2
bridge,2
county,2
acts,2
strongholds,2
massachusetts,2
distinguished,2
barely,2
correspondence,2
roots,2
firemen,2
novices,2
rest,2
battle,2
lit,2
absence,2
correlating,2
antisouthern,2
insiders,2
deadly,2
song,2
above,2
experiences,2
standing,2
seemingly,2
percentage,2
loc,2
eral,2
communications,2
relied,2
howland,2
push,2
windows,2
shook,2
home,2
broad,2
al,2
gary,2
volunteers,2
noted,2
politi,2
love,2
fremont,2
unreliable,2
sometimes,2
blazing,2
again,2
put,2
towns,2
addition,2
headquarters,2
lacked,2
fact,2
knives,2
lives,2
striking,2
floyd,2
grave,2
penned,2
personal,2
navy,2
serious,2
audiences,2
existing,2
coercion,2
dred,2
perhaps,2
jeremiah,2
assault,2
manly,2
conquer,2
streets,2
stunning,2
capture,2
violent,2
charleston,2
autobiography,2
meetings,2
powered,2
stump,2
father,2
sober,2
represented,2
previously,2
donned,2
looking,2
holt,2
elite,2
expression,2
glow,2
pamphlets,2
franklin,2
sev,2
clear,2
marches,2
tional,2
grew,2
talk,2
peter,2
allowed,2
torch,2
spread,2
fellow,2
earlier,2
lighting,2
article,2
eyes,2
chapel,2
organizers,2
enjoyed,2
recalled,2
distant,2
advertisement,2
lay,2
figures,2
fehrenbacher,2
saw,2
confederate,2
separate,2
infants,2
consequences,2
turpentine,2
discipline,2
surging,2
fraternal,2
note,2
lowndes,2
provide,2
bold,2
five,2
amherst,2
claimed,2
hill,2
employment,2
vague,2
sec,2
means,2
success,2
gubernatorial,2
armed,2
polls,2
lawrence,2
anxiety,2
indicate,2
life,2
kill,2
hope,2
torchlight,2
comic,2
considered,2
concord,2
founders,2
environment,2
neglected,2
any,2
ordered,2
terrible,2
ual,2
maturity,2
mentioned,2
grand,2
leland,2
simply,2
struck,2
ever,2
extension,2
fiery,2
stephen,2
banner,2
carl,2
glimpse,2
appealing,2
belief,2
der,2
cover,2
quickly,2
know,2
crowds,2
refused,2
novel,2
interested,2
believe,2
printed,2
particularly,2
stretching,2
examining,2
distinctive,2
rural,2
merely,2
turned,2
beginning,2
didn,2
fled,2
reign,2
combined,2
terms,2
stumping,2
series,2
attitudes,2
monster,2
distribution,2
getting,2
dark,2
cloth,2
almost,2
rally,2
threat,2
refers,2
litical,2
ticipation,2
press,2
duty,2
focus,2
using,2
maintained,2
neglect,2
jan,2
julius,2
cambridge,2
average,2
aware,2
offer,2
upon,2
speaking,2
crumble,2
writer,2
forming,2
membership,2
speak,2
disorganization,2
coalesce,2
valuable,2
attending,2
reached,2
bargain,2
throats,2
predictable,2
element,2
ends,2
rowdies,2
meeting,2
asked,2
showed,2
race,2
row,2
glected,1
final,1
countryside,1
adulthood,1
difficult,1
publicity,1
kan,1
superiority,1
smoke,1
explosion,1
medicinal,1
done,1
struggle,1
owes,1
pestered,1
troy,1
counsels,1
representing,1
asm,1
adopt,1
implying,1
generated,1
amhome,1
corruption,1
floppy,1
scholar,1
till,1
ready,1
concern,1
mostly,1
engendered,1
consume,1
rowdy,1
episodes,1
resulted,1
youthfulness,1
struggled,1
revolutionary,1
worthy,1
federate,1
calm,1
hats,1
prairie,1
considerably,1
mar,1
yankee,1
inciting,1
manuscript,1
coerce,1
crossing,1
connect,1
informational,1
likewise,1
becoming,1
reflection,1
heretofore,1
needed,1
hot,1
prediction,1
engineered,1
replaced,1
nassas,1
prize,1
pondered,1
dermining,1
republicanism,1
confidence,1
tend,1
hannibal,1
doors,1
live,1
schools,1
asserted,1
picking,1
evocative,1
serenaded,1
true,1
ofu,1
verb,1
prince,1
shy,1
circulars,1
mous,1
di,1
approaches,1
sudden,1
tense,1
burnham,1
lacking,1
easily,1
studies,1
steve,1
enticed,1
necticut,1
blows,1
mechanic,1
nostrils,1
harpweek,1
earnest,1
teens,1
western,1
taverns,1
ardor,1
organic,1
tween,1
predicting,1
title,1
occurred,1
individually,1
ambitious,1
tells,1
camaraderie,1
bled,1
exceptions,1
unite,1
contested,1
nice,1
nonetheless,1
flared,1
shouting,1
princeton,1
offering,1
palpable,1
terrifying,1
entourage,1
agitated,1
mushroom,1
fires,1
storefront,1
said,1
stabbings,1
island,1
anything,1
reassure,1
perpet,1
aside,1
query,1
else,1
engulfed,1
humble,1
cries,1
hence,1
nostalgic,1
embraced,1
blended,1
creation,1
posed,1
trickled,1
premonition,1
exaggerated,1
druggist,1
give,1
chaos,1
hurling,1
rapid,1
secretary,1
caning,1
rare,1
archer,1
promoting,1
consin,1
joke,1
begged,1
nefarious,1
confirmed,1
georgia,1
announced,1
cial,1
immense,1
shaped,1
muskets,1
continue,1
tradition,1
manliness,1
lier,1
minia,1
praetorians,1
paranoia,1
unionist,1
reasons,1
cloak,1
uptown,1
analyses,1
origin,1
train,1
assembled,1
bos,1
joking,1
incident,1
roused,1
ences,1
farther,1
closer,1
onto,1
exuberant,1
mississippi,1
court,1
heri,1
emblem,1
identically,1
inadvertently,1
tary,1
ect,1
fresh,1
chloroformers,1
boys,1
mind,1
miles,1
stand,1
respond,1
influences,1
dismissed,1
classified,1
contrasting,1
ber,1
coordinated,1
wage,1
reading,1
ity,1
sheet,1
polit,1
hostile,1
confused,1
hotheaded,1
calculus,1
fraternity,1
explosive,1
ad,1
triggered,1
speaker,1
sound,1
advertise,1
acknowledged,1
pered,1
takes,1
teasing,1
cabinet,1
jane,1
cartoons,1
connoting,1
roy,1
recorded,1
grudgingly,1
prone,1
advice,1
bowery,1
primary,1
politicized,1
expenses,1
amplified,1
muddled,1
offset,1
presses,1
deal,1
struggling,1
endorsing,1
hardee,1
vol,1
wonders,1
metaphorical,1
soldier,1
abundantly,1
possible,1
machinery,1
overconfident,1
activity,1
unsolicited,1
messrs,1
burning,1
sumter,1
realignment,1
furor,1
solely,1
ings,1
splendid,1
magazine,1
crossed,1
arenas,1
carpenters,1
fine,1
wing,1
projecting,1
troupes,1
apart,1
taking,1
radicals,1
supply,1
surrounded,1
establishment,1
politician,1
realistic,1
dynamic,1
equipping,1
loudly,1
ratcheted,1
undoubtedly,1
gmail,1
message,1
manent,1
moral,1
hullabaloo,1
riousness,1
identifies,1
forged,1
warfare,1
flocked,1
torchlit,1
collection,1
expecting,1
ous,1
attract,1
tache,1
succeed,1
optimism,1
lockstep,1
complained,1
ty,1
phase,1
prey,1
incite,1
de,1
announce,1
language,1
merchants,1
expect,1
inevitable,1
alarm,1
riot,1
backgrounds,1
daylight,1
converged,1
against,1
earnestness,1
realized,1
silent,1
tailors,1
aus,1
cramped,1
relatively,1
ag,1
romps,1
decided,1
hid,1
te,1
amss,1
assassins,1
walter,1
participating,1
forbade,1
overt,1
advertiser,1
workers,1
unfamiliar,1
supremacy,1
agitation,1
admitted,1
affairs,1
eled,1
attracting,1
elders,1
thing,1
unity,1
pushed,1
distinct,1
nor,1
dean,1
lin,1
clashes,1
limited,1
mistakes,1
patch,1
lenge,1
burgeoning,1
pri,1
refer,1
hamlin,1
demonstrative,1
disproportionately,1
marriage,1
bloody,1
highest,1
machines,1
milling,1
flawed,1
defeating,1
served,1
importance,1
melees,1
characterized,1
libraries,1
suggestion,1
ammem,1
sword,1
estimate,1
patronizing,1
mechanical,1
blu,1
weight,1
y,1
drawn,1
student,1
reared,1
performative,1
spite,1
vice,1
poured,1
details,1
strengthening,1
deeply,1
helping,1
nomi,1
throng,1
kentucky,1
tained,1
coal,1
stroying,1
word,1
ton,1
elective,1
react,1
newer,1
yorkers,1
messy,1
disbanded,1
via,1
nearsighted,1
fort,1
seekers,1
recognized,1
promoters,1
essential,1
german,1
reflects,1
finish,1
identification,1
predicted,1
camp,1
patron,1
motivation,1
l,1
linenthal,1
builded,1
declaring,1
activists,1
mesmerized,1
remain,1
edward,1
smoking,1
excerpts,1
sort,1
square,1
na,1
crash,1
preparing,1
cohort,1
responded,1
highway,1
gener,1
teemed,1
deliberately,1
signaled,1
fixated,1
titled,1
stench,1
edwin,1
heard,1
connected,1
similar,1
quieter,1
humanity,1
se,1
supersede,1
leave,1
direct,1
slave,1
milton,1
pages,1
special,1
nos,1
aiding,1
enabled,1
bers,1
reassess,1
cases,1
connecti,1
feel,1
strate,1
practicing,1
overlooked,1
allegorical,1
factors,1
front,1
enlisted,1
ones,1
proclaimed,1
poised,1
understand,1
nority,1
settled,1
complying,1
clerk,1
applied,1
canvass,1
mission,1
ation,1
plural,1
tensions,1
militias,1
triumphant,1
wheeling,1
ungentlemanly,1
imposing,1
shimmering,1
cough,1
glomeration,1
morgan,1
emergence,1
liberal,1
driven,1
edition,1
vidual,1
dartmouth,1
thirty,1
numbers,1
annoyance,1
mary,1
weak,1
curred,1
fore,1
upper,1
benefited,1
advancing,1
plined,1
fatherhood,1
superior,1
commented,1
store,1
grown,1
follow,1
passed,1
crosse,1
lifelong,1
drowsy,1
notions,1
generally,1
stark,1
prentice,1
terminology,1
instance,1
angrily,1
maj,1
mo,1
symbolized,1
sequences,1
suggested,1
strengthen,1
pany,1
appear,1
ear,1
fluid,1
conflicts,1
iconography,1
denigrating,1
closely,1
appraisal,1
earned,1
chunks,1
introduce,1
questioned,1
dollars,1
carmichael,1
unorganized,1
carrying,1
found,1
joy,1
determines,1
typical,1
exaggerating,1
culars,1
seven,1
centers,1
crowd,1
scenes,1
curiosity,1
austin,1
nightshirts,1
excite,1
vortex,1
noting,1
delib,1
burst,1
fuel,1
base,1
revolvers,1
passionate,1
chased,1
courant,1
erupt,1
stabbed,1
ticipate,1
guise,1
fourth,1
ger,1
neighboring,1
antagonists,1
supporters,1
founder,1
pulled,1
wales,1
affirms,1
fielded,1
districts,1
bore,1
tools,1
youths,1
grossed,1
cannot,1
meet,1
suffered,1
purchased,1
unruly,1
appearing,1
record,1
democratization,1
chal,1
sport,1
tension,1
confirmation,1
refuge,1
required,1
talgia,1
taught,1
opposition,1
riddle,1
possibility,1
halsey,1
proj,1
engine,1
receive,1
expensive,1
electing,1
buckingham,1
municated,1
nichols,1
gained,1
directly,1
claiming,1
voter,1
gressive,1
conduit,1
makers,1
intense,1
politely,1
sanction,1
tour,1
reunion,1
strict,1
leisure,1
servers,1
franchise,1
policed,1
tage,1
tens,1
sharon,1
actors,1
journals,1
positions,1
minority,1
reminded,1
context,1
incorporation,1
lectured,1
practically,1
discussions,1
millions,1
printers,1
expansive,1
constitute,1
records,1
actually,1
anxieties,1
structures,1
vociferous,1
rallying,1
teenage,1
somewhere,1
proliferation,1
away,1
lazy,1
cat,1
cans,1
systematic,1
anesthetize,1
shouted,1
sun,1
foes,1
defeated,1
memoirs,1
strongest,1
minds,1
graduate,1
gap,1
approach,1
shortcomings,1
thrived,1
stomping,1
wevill,1
particulars,1
contests,1
remake,1
creating,1
running,1
indi,1
dreds,1
field,1
carriage,1
sweep,1
sas,1
beardless,1
noisy,1
involve,1
wards,1
politically,1
sources,1
erners,1
contrast,1
escorts,1
clothes,1
imposition,1
sixty,1
melted,1
banquets,1
atmosphere,1
profes,1
veteran,1
small,1
murmurings,1
moustache,1
weighty,1
soil,1
licans,1
driving,1
inaugu,1
propelled,1
dire,1
ship,1
throngs,1
components,1
cession,1
temporary,1
supposedly,1
tasized,1
compromise,1
leader,1
thereby,1
reported,1
protect,1
citizens,1
petition,1
portions,1
villages,1
tended,1
impossible,1
coast,1
nominees,1
foundly,1
sliced,1
prerogatives,1
visible,1
progress,1
majority,1
inefficiency,1
intent,1
chords,1
results,1
motif,1
goatees,1
games,1
notice,1
peculiar,1
heralding,1
mischief,1
notes,1
inebriated,1
structured,1
provided,1
moved,1
massive,1
activities,1
holding,1
behalf,1
casts,1
seemed,1
avoid,1
champion,1
erately,1
attacks,1
aurora,1
flourished,1
threatened,1
reinventing,1
sobered,1
shootings,1
highlights,1
led,1
second,1
ical,1
minor,1
tread,1
chambersburg,1
apprehensive,1
contact,1
gears,1
rivalries,1
screaming,1
steadily,1
ausin,1
mexico,1
enthused,1
reminiscences,1
overlapped,1
short,1
service,1
onel,1
intended,1
curtis,1
tonight,1
appreciate,1
classic,1
brief,1
win,1
nearly,1
female,1
veterans,1
terrified,1
benefiting,1
reduce,1
prism,1
convince,1
whatever,1
allen,1
formative,1
dwellings,1
expanded,1
attacking,1
flag,1
bankers,1
comments,1
drilled,1
unprecedented,1
premises,1
wind,1
negotiations,1
procession,1
cultivate,1
forcibly,1
reception,1
innovation,1
chapin,1
permanently,1
powerfully,1
preston,1
apocalypse,1
calculate,1
cheap,1
warlike,1
interpretation,1
vided,1
fascinating,1
colleges,1
examined,1
thursday,1
fissure,1
icons,1
niven,1
disorderly,1
devotion,1
paradox,1
happened,1
town,1
awaking,1
serve,1
sisted,1
borrowed,1
ning,1
tivists,1
clash,1
ne,1
neither,1
favorable,1
constant,1
hadn,1
misses,1
damn,1
railroad,1
planned,1
inherited,1
complete,1
same,1
performed,1
tic,1
colored,1
comforted,1
inaugurate,1
frightened,1
department,1
dramatically,1
begins,1
increasingly,1
williams,1
bar,1
regional,1
stones,1
sketch,1
mocked,1
cozy,1
seymour,1
tries,1
lack,1
street,1
hon,1
fanny,1
name,1
successfully,1
precocious,1
heritage,1
book,1
drugstore,1
gripped,1
business,1
stronger,1
factory,1
fell,1
mark,1
others,1
approaching,1
mammas,1
unintentional,1
neigh,1
patriotic,1
stud,1
rock,1
added,1
daring,1
water,1
missing,1
paine,1
waukee,1
ale,1
leading,1
idea,1
antiviolent,1
overwhelming,1
fundamental,1
drunker,1
conduct,1
head,1
scholars,1
sarcasm,1
idealized,1
instability,1
sleep,1
copied,1
epithets,1
merriment,1
beliefs,1
depict,1
fleeing,1
essence,1
sleepy,1
unionists,1
boots,1
predominated,1
eagle,1
perienced,1
educated,1
together,1
really,1
angry,1
break,1
sponse,1
reacted,1
demonstrating,1
spill,1
debates,1
debated,1
contemporary,1
lecturers,1
administrations,1
golden,1
foster,1
pennsylvania,1
favorite,1
excluding,1
simple,1
aggressive,1
maker,1
hearken,1
puzzling,1
readers,1
outside,1
ripley,1
racist,1
greeted,1
drove,1
adjacent,1
dazed,1
present,1
formations,1
ground,1
corps,1
decried,1
model,1
innovative,1
en,1
flooded,1
obscures,1
caires,1
purposes,1
func,1
plained,1
muster,1
hinterlands,1
vulnerable,1
participate,1
marched,1
answer,1
strations,1
confrontation,1
council,1
forth,1
stirred,1
lines,1
duties,1
spoke,1
obliged,1
cir,1
ihihii,1
shout,1
deep,1
frightening,1
ryan,1
books,1
style,1
manifested,1
bloodshed,1
going,1
steered,1
alarmed,1
sluggishness,1
doubled,1
shine,1
another,1
ephemeral,1
fundamentally,1
status,1
bors,1
analyzed,1
classes,1
private,1
stoked,1
understanding,1
technologies,1
meaningful,1
cure,1
vast,1
precarious,1
intimate,1
regu,1
hear,1
indiana,1
lost,1
birth,1
stumbled,1
stuck,1
scioto,1
ic,1
hurled,1
hilarious,1
erational,1
writings,1
challenging,1
alerted,1
patricia,1
including,1
eighty,1
desperate,1
subdued,1
proved,1
samples,1
wf,1
complexities,1
medium,1
room,1
encouraged,1
cohesion,1
wis,1
refreshment,1
admiring,1
intelligent,1
ordering,1
skeptical,1
stealing,1
contending,1
incarnations,1
invisibles,1
unfortunately,1
coroner,1
largely,1
dye,1
exciting,1
factor,1
ofthe,1
affects,1
ideas,1
prominently,1
inexperience,1
bitter,1
processes,1
actual,1
seams,1
eligible,1
nothing,1
individuals,1
sible,1
examination,1
swearing,1
full,1
massacre,1
stayed,1
complicated,1
optimistic,1
students,1
described,1
shrewd,1
rejected,1
auburn,1
low,1
significance,1
urbana,1
engender,1
transformation,1
josiah,1
authors,1
oc,1
backus,1
liquor,1
publication,1
tury,1
republi,1
metas,1
dominated,1
brass,1
correcting,1
faces,1
scrapes,1
supportive,1
august,1
vested,1
eve,1
individual,1
courted,1
homes,1
started,1
duller,1
hoarseness,1
length,1
period,1
budding,1
ofharpweek,1
housed,1
played,1
windy,1
uni,1
linking,1
drilling,1
dry,1
perma,1
unintentionally,1
kept,1
interacted,1
folding,1
standard,1
rank,1
rails,1
sapped,1
zachary,1
spent,1
artificial,1
ture,1
glaring,1
faith,1
favored,1
legislatures,1
honorary,1
facing,1
comparing,1
problems,1
oozed,1
somehow,1
although,1
incapable,1
backroom,1
editors,1
relation,1
narrow,1
sight,1
land,1
declare,1
tactics,1
topics,1
gence,1
deluge,1
seattle,1
structure,1
corners,1
mastermind,1
balsamic,1
looks,1
ernor,1
differ,1
chillicothe,1
equivalent,1
looked,1
attracted,1
cape,1
crashing,1
invented,1
glori,1
insignificant,1
governor,1
quarter,1
controversial,1
cheered,1
cen,1
inferior,1
mil,1
la,1
militaris,1
behind,1
concluded,1
division,1
tacked,1
paranoid,1
experienced,1
examines,1
visit,1
haunts,1
overlapping,1
bee,1
increasing,1
rift,1
dogs,1
harpers,1
infuriated,1
trified,1
asking,1
hiding,1
neely,1
pictorial,1
undifferentiated,1
third,1
relying,1
autumn,1
devote,1
energizing,1
wigfall,1
ann,1
surpassed,1
seclusion,1
motivators,1
road,1
beyond,1
scrutinized,1
window,1
partisanship,1
independent,1
continued,1
movements,1
bulk,1
tiny,1
clubhouses,1
electrifying,1
program,1
dripping,1
reasonable,1
ironically,1
inside,1
photograph,1
deaths,1
attitude,1
fewer,1
widespread,1
primarily,1
bissell,1
referred,1
cursed,1
ea,1
tin,1
prowess,1
seen,1
transformed,1
tive,1
yale,1
lations,1
credited,1
joked,1
reprintedfrom,1
unrepubli,1
unclear,1
whate,1
shells,1
try,1
marchers,1
weighing,1
html,1
traveled,1
recipients,1
foner,1
changes,1
intend,1
mirror,1
examine,1
expectations,1
construction,1
analysis,1
blood,1
existed,1
interconnected,1
surprising,1
dead,1
drafted,1
disci,1
elder,1
get,1
tial,1
face,1
leaky,1
mud,1
egories,1
gathered,1
pressures,1
bastions,1
victorious,1
regularly,1
earliest,1
matters,1
addressed,1
detail,1
entertain,1
sections,1
springfield,1
laborer,1
proof,1
dores,1
ration,1
contained,1
trav,1
curious,1
shadow,1
heavy,1
then,1
fifteen,1
aspiring,1
conviction,1
morning,1
elaborate,1
complexity,1
manhat,1
weeks,1
incorporated,1
ascendant,1
must,1
iowan,1
existence,1
demonstrate,1
invoked,1
stitching,1
solidly,1
inadvertent,1
nonviolent,1
beverage,1
physical,1
guerrilla,1
ignore,1
trapped,1
lozenges,1
vade,1
hartfordites,1
funding,1
symbol,1
sums,1
vio,1
creations,1
drew,1
jefferson,1
set,1
sold,1
blair,1
doned,1
concurs,1
spectacles,1
exploded,1
cigar,1
glowing,1
conserva,1
kolchin,1
frequency,1
sure,1
advertisements,1
parental,1
paper,1
publicly,1
publicist,1
lying,1
december,1
auxiliary,1
bless,1
confident,1
east,1
lawyers,1
nent,1
deceive,1
tear,1
ubiquitous,1
distraction,1
prominence,1
slowly,1
epitomized,1
ph,1
mi,1
current,1
aban,1
vicious,1
post,1
eventually,1
er,1
brothers,1
boasted,1
brick,1
enemy,1
goods,1
phlet,1
written,1
audience,1
placency,1
separating,1
reflected,1
platters,1
tracted,1
build,1
associations,1
vacy,1
demograph,1
tipsy,1
essentially,1
sultry,1
alluded,1
hamlets,1
ethos,1
remarkably,1
torchlite,1
bands,1
better,1
concrete,1
ladies,1
noise,1
activism,1
game,1
quiet,1
unlikely,1
pennsylvanians,1
larded,1
recollections,1
imitation,1
runaway,1
affirm,1
denouncing,1
carefully,1
broke,1
month,1
circles,1
depicts,1
evenings,1
coln,1
beaten,1
brutal,1
webster,1
enlistment,1
maryland,1
particular,1
ma,1
min,1
textbook,1
storm,1
nization,1
mere,1
ies,1
pros,1
shortages,1
tightly,1
announcements,1
splintered,1
fascination,1
insightful,1
irritated,1
oth,1
bitterly,1
secure,1
aver,1
produce,1
odl,1
captains,1
voice,1
don,1
agreed,1
alcohol,1
wrongs,1
abolitionism,1
gotham,1
placement,1
radiated,1
engravers,1
queries,1
infant,1
port,1
signify,1
lence,1
stern,1
dimly,1
bodies,1
drugstores,1
intention,1
presented,1
occasionally,1
enthusi,1
inquirer,1
multiple,1
peace,1
met,1
ambushed,1
sea,1
brawl,1
prevalent,1
cobblestones,1
disappointments,1
convinced,1
die,1
techniques,1
ring,1
tried,1
ks,1
vulner,1
returning,1
step,1
agents,1
ignorant,1
went,1
territory,1
trumpeted,1
extended,1
rochester,1
target,1
statesmen,1
entry,1
acknowledges,1
proper,1
disdains,1
equipped,1
challenges,1
motivate,1
allows,1
vocal,1
representation,1
secede,1
behaved,1
boasting,1
tions,1
contrasts,1
prepared,1
venn,1
come,1
eric,1
askance,1
diagram,1
anxiously,1
question,1
wild,1
pine,1
enthusiasm,1
soft,1
cheer,1
deceptively,1
lists,1
invasion,1
argues,1
button,1
initiated,1
feller,1
numerous,1
phlets,1
samuel,1
corporated,1
balked,1
catch,1
accept,1
mode,1
burnt,1
publicized,1
harm,1
glorify,1
emer,1
insight,1
americas,1
impos,1
include,1
virgin,1
fered,1
here,1
sional,1
certificate,1
arnolds,1
battling,1
need,1
gen,1
stormed,1
obvious,1
col,1
centrality,1
you,1
clues,1
bodyguard,1
playing,1
buchanan,1
cheering,1
area,1
ond,1
presenting,1
captain,1
shift,1
participa,1
increased,1
orga,1
titudes,1
traveling,1
anonymous,1
tans,1
supported,1
downstate,1
potential,1
besides,1
deciding,1
penetrated,1
assumed,1
spilled,1
allegedly,1
fellows,1
elites,1
charged,1
bell,1
johnson,1
jokes,1
say,1
campuses,1
upstarts,1
debate,1
barometers,1
partial,1
create,1
civilian,1
uniformed,1
abroad,1
valley,1
characters,1
tirely,1
abandoned,1
re,1
primed,1
immediately,1
mili,1
facile,1
taylor,1
colonel,1
dif,1
atchison,1
laborers,1
rhymes,1
drunk,1
enters,1
seceded,1
tract,1
daughter,1
built,1
lican,1
clashed,1
mccrady,1
close,1
occur,1
perception,1
referenced,1
january,1
